chId	chId2	mId	lines
u816	u820	m52	['L172516', 'L172517', 'L172518', 'L172519']
u816	u820	m52	['L172523', 'L172524', 'L172525', 'L172526', 'L172527', 'L172528', 'L172529']
u817	u820	m52	['L172074', 'L172075', 'L172076', 'L172077']
u817	u820	m52	['L172078', 'L172079', 'L172080', 'L172081', 'L172082', 'L172083', 'L172084', 'L172085', 'L172086', 'L172087', 'L172088', 'L172089', 'L172090', 'L172091', 'L172092']
u817	u820	m52	['L172093', 'L172094', 'L172095']
u817	u820	m52	['L172118', 'L172119', 'L172120']
u817	u820	m52	['L172138', 'L172139', 'L172140', 'L172141', 'L172142']
u817	u820	m52	['L172167', 'L172168', 'L172169']
u817	u820	m52	['L172348', 'L172349']
u817	u820	m52	['L172350', 'L172351']
u817	u820	m52	['L172352', 'L172353', 'L172354', 'L172355', 'L172356']
u818	u821	m52	['L172364', 'L172365', 'L172366', 'L172367']
u818	u821	m52	['L172370', 'L172371']
u818	u821	m52	['L172372', 'L172373', 'L172374', 'L172375']
u818	u820	m52	['L172148', 'L172149']
u818	u820	m52	['L172150', 'L172151', 'L172152', 'L172153', 'L172154', 'L172155', 'L172156', 'L172157', 'L172158', 'L172159', 'L172160', 'L172161', 'L172162', 'L172163', 'L172164', 'L172165', 'L172166']
u818	u820	m52	['L172171', 'L172172', 'L172173', 'L172174', 'L172175', 'L172176', 'L172177', 'L172178', 'L172179', 'L172180', 'L172181', 'L172182']
u818	u820	m52	['L172183', 'L172184', 'L172185', 'L172186', 'L172187', 'L172188', 'L172189', 'L172190', 'L172191', 'L172192', 'L172193', 'L172194', 'L172195']
u818	u820	m52	['L172196', 'L172197', 'L172198', 'L172199', 'L172200', 'L172201']
u818	u820	m52	['L172202', 'L172203', 'L172204', 'L172205', 'L172206', 'L172207', 'L172208', 'L172209', 'L172210', 'L172211', 'L172212']
u818	u820	m52	['L172213', 'L172214', 'L172215']
u818	u820	m52	['L172216', 'L172217']
u818	u820	m52	['L172275', 'L172276', 'L172277']
u818	u820	m52	['L172280', 'L172281']
u818	u820	m52	['L172291', 'L172292']
u818	u820	m52	['L172294', 'L172295']
u818	u820	m52	['L172402', 'L172403']
u818	u820	m52	['L172442', 'L172443', 'L172444', 'L172445', 'L172446']
u818	u820	m52	['L172447', 'L172448', 'L172449', 'L172450', 'L172451', 'L172452', 'L172453', 'L172454', 'L172455', 'L172456', 'L172457', 'L172458', 'L172459', 'L172460']
u818	u820	m52	['L172464', 'L172465', 'L172466', 'L172467', 'L172468', 'L172469', 'L172470', 'L172471', 'L172472']
u818	u822	m52	['L172144', 'L172145', 'L172146']
u818	u822	m52	['L172477', 'L172478', 'L172479', 'L172480', 'L172481', 'L172482']
u819	u820	m52	['L172100', 'L172101', 'L172102', 'L172103']
u819	u820	m52	['L172107', 'L172108', 'L172109', 'L172110', 'L172111']
u820	u823	m52	['L172072', 'L172073']
u820	u823	m52	['L172252', 'L172253']
u820	u823	m52	['L172322', 'L172323']
u820	u823	m52	['L172376', 'L172377', 'L172378', 'L172379']
u820	u823	m52	['L172386', 'L172387']
u820	u822	m52	['L172059', 'L172060', 'L172061', 'L172062', 'L172063', 'L172064', 'L172065', 'L172066', 'L172067']
u820	u822	m52	['L172068', 'L172069', 'L172070', 'L172071']
u820	u822	m52	['L172228', 'L172229', 'L172230']
u820	u822	m52	['L172235', 'L172236']
u820	u822	m52	['L172239', 'L172240', 'L172241', 'L172242', 'L172243', 'L172244', 'L172245']
u820	u822	m52	['L172255', 'L172256', 'L172257', 'L172258', 'L172259']
u820	u822	m52	['L172318', 'L172319', 'L172320', 'L172321']
u820	u822	m52	['L172326', 'L172327', 'L172328', 'L172329', 'L172330', 'L172331', 'L172332', 'L172333']
u820	u822	m52	['L172334', 'L172335']
u820	u821	m52	['L172045', 'L172046']
u820	u821	m52	['L172049', 'L172050', 'L172051', 'L172052', 'L172053', 'L172054', 'L172055', 'L172056']
u820	u821	m52	['L172096', 'L172097', 'L172098', 'L172099']
u820	u821	m52	['L172112', 'L172113', 'L172114', 'L172115', 'L172116', 'L172117']
u820	u821	m52	['L172231', 'L172232', 'L172233', 'L172234']
u820	u821	m52	['L172315', 'L172316', 'L172317']
u820	u821	m52	['L172324', 'L172325']
u820	u821	m52	['L172340', 'L172341', 'L172342', 'L172343']
u820	u821	m52	['L172345', 'L172346', 'L172347']
u820	u821	m52	['L172388', 'L172389', 'L172390', 'L172391']
u820	u821	m52	['L172392', 'L172393']
u820	u821	m52	['L172394', 'L172395', 'L172396', 'L172397', 'L172398', 'L172399']
u820	u821	m52	['L172520', 'L172521']
u821	u822	m52	['L172019', 'L172020', 'L172021', 'L172022']
u821	u822	m52	['L172223', 'L172224', 'L172225', 'L172226', 'L172227']
u821	u822	m52	['L172237', 'L172238']
u821	u822	m52	['L172247', 'L172248']
u821	u822	m52	['L172305', 'L172306', 'L172307']
u822	u823	m52	['L172026', 'L172027', 'L172028', 'L172029']
u822	u823	m52	['L172249', 'L172250', 'L172251']
u822	u823	m52	['L172296', 'L172297', 'L172298', 'L172299']
u822	u823	m52	['L172308', 'L172309']
u2708	u2728	m177	['L503666', 'L503667', 'L503668']
u2708	u2728	m177	['L503884', 'L503885', 'L503886', 'L503887']
u2709	u2725	m177	['L503915', 'L503916', 'L503917', 'L503918', 'L503919', 'L503920']
u2710	u2727	m177	['L503424', 'L503425']
u2710	u2727	m177	['L503779', 'L503780']
u2710	u2727	m177	['L503787', 'L503788', 'L503789', 'L503790', 'L503791', 'L503792']
u2710	u2727	m177	['L503952', 'L503953', 'L503954']
u2710	u2727	m177	['L503990', 'L503991', 'L503992']
u2710	u2720	m177	['L503505', 'L503506']
u2710	u2720	m177	['L503513', 'L503514', 'L503515']
u2710	u2720	m177	['L503529', 'L503530', 'L503531']
u2710	u2716	m177	['L503436', 'L503437']
u2710	u2716	m177	['L503438', 'L503439']
u2710	u2716	m177	['L503441', 'L503442']
u2710	u2716	m177	['L503443', 'L503444', 'L503445']
u2710	u2716	m177	['L503446', 'L503447']
u2710	u2716	m177	['L503633', 'L503634']
u2710	u2716	m177	['L503641', 'L503642', 'L503643']
u2710	u2716	m177	['L503672', 'L503673']
u2710	u2716	m177	['L503692', 'L503693']
u2710	u2716	m177	['L503696', 'L503697']
u2710	u2721	m177	['L503540', 'L503541']
u2710	u2721	m177	['L503598', 'L503599', 'L503600', 'L503601', 'L503602']
u2710	u2721	m177	['L503674', 'L503675']
u2710	u2718	m177	['L503535', 'L503536', 'L503537', 'L503538', 'L503539']
u2710	u2718	m177	['L503590', 'L503591']
u2710	u2718	m177	['L503596', 'L503597']
u2710	u2718	m177	['L503708', 'L503709']
u2711	u2723	m177	['L503386', 'L503387', 'L503388']
u2711	u2723	m177	['L503408', 'L503409', 'L503410', 'L503411', 'L503412']
u2711	u2723	m177	['L503416', 'L503417']
u2711	u2723	m177	['L503426', 'L503427']
u2711	u2723	m177	['L503448', 'L503449']
u2711	u2723	m177	['L503572', 'L503573', 'L503574', 'L503575']
u2711	u2723	m177	['L503586', 'L503587']
u2711	u2723	m177	['L503636', 'L503637', 'L503638', 'L503639', 'L503640']
u2711	u2723	m177	['L503649', 'L503650']
u2711	u2723	m177	['L503651', 'L503652']
u2711	u2723	m177	['L503770', 'L503771']
u2711	u2723	m177	['L503814', 'L503815']
u2711	u2723	m177	['L503818', 'L503819', 'L503820']
u2711	u2723	m177	['L503867', 'L503868', 'L503869', 'L503870', 'L503871']
u2711	u2723	m177	['L504014', 'L504015']
u2711	u2727	m177	['L503577', 'L503578', 'L503579']
u2711	u2727	m177	['L503582', 'L503583', 'L503584']
u2711	u2727	m177	['L503816', 'L503817']
u2712	u2716	m177	['L503431', 'L503432', 'L503433']
u2712	u2716	m177	['L503457', 'L503458', 'L503459']
u2712	u2716	m177	['L503837', 'L503838']
u2712	u2716	m177	['L504010', 'L504011', 'L504012', 'L504013']
u2712	u2715	m177	['L503972', 'L503973', 'L503974']
u2712	u2715	m177	['L503978', 'L503979', 'L503980', 'L503981', 'L503982']
u2713	u2724	m177	['L504018', 'L504019', 'L504020', 'L504021', 'L504022', 'L504023']
u2714	u2720	m177	['L503370', 'L503371']
u2714	u2720	m177	['L503507', 'L503508', 'L503509', 'L503510']
u2714	u2720	m177	['L503548', 'L503549']
u2714	u2720	m177	['L503822', 'L503823', 'L503824']
u2714	u2720	m177	['L503876', 'L503877']
u2715	u2722	m177	['L503927', 'L503928', 'L503929', 'L503930', 'L503931', 'L503932', 'L503933']
u2716	u2721	m177	['L503497', 'L503498']
u2716	u2721	m177	['L503611', 'L503612']
u2716	u2721	m177	['L503625', 'L503626', 'L503627']
u2716	u2721	m177	['L503795', 'L503796']
u2716	u2721	m177	['L503890', 'L503891']
u2716	u2720	m177	['L503520', 'L503521', 'L503522']
u2716	u2720	m177	['L503524', 'L503525', 'L503526', 'L503527']
u2716	u2720	m177	['L503544', 'L503545']
u2716	u2720	m177	['L503552', 'L503553', 'L503554']
u2716	u2720	m177	['L503735', 'L503736', 'L503737', 'L503738', 'L503739']
u2716	u2726	m177	['L503565', 'L503566', 'L503567', 'L503568', 'L503569', 'L503570', 'L503571']
u2716	u2730	m177	['L503840', 'L503841']
u2716	u2730	m177	['L503846', 'L503847', 'L503848', 'L503849', 'L503850', 'L503851', 'L503852', 'L503853']
u2716	u2718	m177	['L503489', 'L503490']
u2716	u2718	m177	['L503500', 'L503501']
u2716	u2718	m177	['L503609', 'L503610']
u2716	u2718	m177	['L503628', 'L503629', 'L503630']
u2716	u2718	m177	['L503677', 'L503678']
u2716	u2718	m177	['L503681', 'L503682']
u2716	u2718	m177	['L503683', 'L503684', 'L503685', 'L503686', 'L503687', 'L503688', 'L503689']
u2716	u2718	m177	['L503747', 'L503748']
u2716	u2718	m177	['L503797', 'L503798']
u2716	u2718	m177	['L503962', 'L503963', 'L503964']
u2717	u2729	m177	['L503397', 'L503398', 'L503399', 'L503400', 'L503401', 'L503402', 'L503403', 'L503404', 'L503405', 'L503406']
u2718	u2721	m177	['L503484', 'L503485']
u2718	u2721	m177	['L503532', 'L503533']
u2718	u2721	m177	['L503542', 'L503543']
u2718	u2721	m177	['L503592', 'L503593']
u2718	u2721	m177	['L503607', 'L503608']
u2718	u2721	m177	['L503631', 'L503632']
u2718	u2721	m177	['L503644', 'L503645']
u2718	u2721	m177	['L503654', 'L503655']
u2718	u2721	m177	['L503656', 'L503657']
u2718	u2721	m177	['L503658', 'L503659', 'L503660', 'L503661', 'L503662', 'L503663', 'L503664']
u2718	u2721	m177	['L503694', 'L503695']
u2718	u2721	m177	['L503700', 'L503701']
u2718	u2721	m177	['L504004', 'L504005']
u2719	u2727	m177	['L503775', 'L503776', 'L503777']
u2719	u2727	m177	['L503808', 'L503809']
u2719	u2727	m177	['L503881', 'L503882', 'L503883']
u2720	u2721	m177	['L503752', 'L503753']
u2720	u2721	m177	['L503757', 'L503758']
u2720	u2721	m177	['L503938', 'L503939', 'L503940', 'L503941', 'L503942']
u3666	u3674	m242	['L41058', 'L41059', 'L41060', 'L41061', 'L41062', 'L41063']
u3666	u3674	m242	['L41064', 'L41065']
u3666	u3674	m242	['L41066', 'L41067']
u3666	u3674	m242	['L41090', 'L41091']
u3667	u3670	m242	['L41116', 'L41117']
u3667	u3670	m242	['L41122', 'L41123']
u3667	u3670	m242	['L41128', 'L41129', 'L41130']
u3667	u3670	m242	['L41131', 'L41132']
u3667	u3675	m242	['L41197', 'L41198']
u3667	u3675	m242	['L41199', 'L41200', 'L41201']
u3667	u3675	m242	['L41241', 'L41242']
u3667	u3675	m242	['L41347', 'L41348']
u3667	u3675	m242	['L41355', 'L41356']
u3667	u3675	m242	['L41366', 'L41367', 'L41368']
u3667	u3675	m242	['L41372', 'L41373']
u3667	u3675	m242	['L41382', 'L41383']
u3667	u3675	m242	['L41393', 'L41394', 'L41395', 'L41396', 'L41397']
u3667	u3675	m242	['L41582', 'L41583', 'L41584', 'L41585', 'L41586']
u3667	u3675	m242	['L41590', 'L41591', 'L41592']
u3667	u3669	m242	['L41193', 'L41194', 'L41195']
u3667	u3669	m242	['L41221', 'L41222']
u3667	u3669	m242	['L41234', 'L41235', 'L41236', 'L41237', 'L41238', 'L41239']
u3667	u3669	m242	['L41243', 'L41244', 'L41245']
u3667	u3669	m242	['L41247', 'L41248']
u3667	u3669	m242	['L41314', 'L41315', 'L41316']
u3667	u3669	m242	['L41317', 'L41318']
u3667	u3669	m242	['L41333', 'L41334']
u3667	u3669	m242	['L41339', 'L41340']
u3667	u3669	m242	['L41341', 'L41342']
u3667	u3669	m242	['L41344', 'L41345', 'L41346']
u3667	u3669	m242	['L41350', 'L41351']
u3667	u3669	m242	['L41353', 'L41354']
u3667	u3669	m242	['L41370', 'L41371']
u3667	u3669	m242	['L41380', 'L41381']
u3667	u3669	m242	['L41384', 'L41385', 'L41386']
u3667	u3669	m242	['L41388', 'L41389']
u3667	u3669	m242	['L41399', 'L41400']
u3667	u3669	m242	['L41405', 'L41406', 'L41407', 'L41408', 'L41409', 'L41410', 'L41411', 'L41412']
u3667	u3669	m242	['L41433', 'L41434']
u3667	u3669	m242	['L41445', 'L41446', 'L41447']
u3667	u3669	m242	['L41485', 'L41486']
u3667	u3669	m242	['L41494', 'L41495', 'L41496', 'L41497']
u3667	u3669	m242	['L41559', 'L41560']
u3667	u3669	m242	['L41620', 'L41621']
u3667	u3669	m242	['L41632', 'L41633']
u3667	u3674	m242	['L41511', 'L41512']
u3667	u3674	m242	['L41513', 'L41514']
u3667	u3674	m242	['L41518', 'L41519']
u3667	u3674	m242	['L41524', 'L41525']
u3667	u3674	m242	['L41531', 'L41532', 'L41533']
u3667	u3674	m242	['L41577', 'L41578', 'L41579']
u3667	u3674	m242	['L41588', 'L41589']
u3667	u3674	m242	['L41593', 'L41594', 'L41595', 'L41596']
u3667	u3674	m242	['L41597', 'L41598', 'L41599', 'L41600', 'L41601', 'L41602']
u3667	u3674	m242	['L41604', 'L41605']
u3668	u3672	m242	['L41262', 'L41263', 'L41264']
u3668	u3672	m242	['L41266', 'L41267', 'L41268']
u3668	u3672	m242	['L41270', 'L41271', 'L41272']
u3668	u3672	m242	['L41274', 'L41275', 'L41276']
u3668	u3672	m242	['L41279', 'L41280', 'L41281']
u3668	u3672	m242	['L41286', 'L41287', 'L41288']
u3668	u3672	m242	['L41360', 'L41361']
u3668	u3672	m242	['L41414', 'L41415', 'L41416', 'L41417']
u3668	u3672	m242	['L41426', 'L41427']
u3668	u3672	m242	['L41430', 'L41431']
u3668	u3672	m242	['L41473', 'L41474']
u3669	u3675	m242	['L41190', 'L41191']
u3669	u3675	m242	['L41212', 'L41213']
u3669	u3675	m242	['L41225', 'L41226', 'L41227']
u3669	u3675	m242	['L41230', 'L41231']
u3669	u3675	m242	['L41304', 'L41305']
u3669	u3675	m242	['L41307', 'L41308', 'L41309']
u3669	u3675	m242	['L41322', 'L41323']
u3669	u3675	m242	['L41324', 'L41325']
u3669	u3675	m242	['L41330', 'L41331']
u3669	u3675	m242	['L41376', 'L41377']
u3669	u3675	m242	['L41436', 'L41437']
u3669	u3675	m242	['L41438', 'L41439']
u3669	u3675	m242	['L41464', 'L41465', 'L41466']
u3669	u3675	m242	['L41468', 'L41469', 'L41470']
u3669	u3675	m242	['L41562', 'L41563']
u3669	u3675	m242	['L41564', 'L41565']
u3669	u3672	m242	['L41566', 'L41567', 'L41568']
u3669	u3672	m242	['L41569', 'L41570', 'L41571', 'L41572']
u3669	u3672	m242	['L41623', 'L41624']
u3669	u3674	m242	['L41488', 'L41489', 'L41490', 'L41491']
u3669	u3674	m242	['L41501', 'L41502']
u3669	u3674	m242	['L41506', 'L41507']
u3669	u3674	m242	['L41546', 'L41547', 'L41548']
u3669	u3674	m242	['L41549', 'L41550']
u3669	u3674	m242	['L41552', 'L41553', 'L41554', 'L41555', 'L41556', 'L41557', 'L41558']
u3671	u3672	m242	['L41069', 'L41070', 'L41071', 'L41072', 'L41073', 'L41074']
u3673	u3675	m242	['L41448', 'L41449']
u3673	u3675	m242	['L41457', 'L41458', 'L41459', 'L41460', 'L41461', 'L41462']
u6868	u6871	m459	['L415077', 'L415078']
u6868	u6871	m459	['L415107', 'L415108']
u6868	u6871	m459	['L415111', 'L415112']
u6868	u6871	m459	['L415134', 'L415135']
u6868	u6871	m459	['L415199', 'L415200']
u6868	u6873	m459	['L415079', 'L415080']
u6868	u6873	m459	['L415087', 'L415088', 'L415089']
u6868	u6873	m459	['L415143', 'L415144']
u6868	u6873	m459	['L415156', 'L415157']
u6868	u6873	m459	['L415166', 'L415167']
u6869	u6872	m459	['L414889', 'L414890']
u6869	u6872	m459	['L414915', 'L414916']
u6869	u6872	m459	['L414917', 'L414918', 'L414919']
u6869	u6872	m459	['L414921', 'L414922', 'L414923', 'L414924', 'L414925', 'L414926', 'L414927']
u6869	u6872	m459	['L414928', 'L414929', 'L414930']
u6869	u6872	m459	['L414931', 'L414932', 'L414933']
u6869	u6872	m459	['L414973', 'L414974']
u6869	u6872	m459	['L414979', 'L414980']
u6869	u6872	m459	['L414981', 'L414982', 'L414983', 'L414984', 'L414985', 'L414986', 'L414987']
u6869	u6872	m459	['L414989', 'L414990']
u6869	u6872	m459	['L414992', 'L414993', 'L414994']
u6869	u6872	m459	['L415042', 'L415043']
u6869	u6872	m459	['L415044', 'L415045', 'L415046']
u6870	u6874	m459	['L415012', 'L415013']
u6870	u6874	m459	['L415015', 'L415016', 'L415017', 'L415018', 'L415019']
u6871	u6873	m459	['L415075', 'L415076']
u6871	u6873	m459	['L415090', 'L415091']
u6871	u6873	m459	['L415099', 'L415100']
u6871	u6873	m459	['L415109', 'L415110']
u6871	u6873	m459	['L415197', 'L415198']
u7255	u7258	m490	['L467939', 'L467940', 'L467941']
u7255	u7258	m490	['L468029', 'L468030']
u7255	u7258	m490	['L468031', 'L468032']
u7255	u7258	m490	['L468033', 'L468034', 'L468035', 'L468036', 'L468037', 'L468038']
u7255	u7258	m490	['L468039', 'L468040']
u7255	u7258	m490	['L468087', 'L468088']
u7255	u7258	m490	['L468089', 'L468090', 'L468091', 'L468092', 'L468093', 'L468094']
u7255	u7258	m490	['L468106', 'L468107']
u7255	u7258	m490	['L468158', 'L468159']
u7255	u7257	m490	['L467784', 'L467785', 'L467786', 'L467787', 'L467788']
u7255	u7257	m490	['L467805', 'L467806', 'L467807']
u7255	u7260	m490	['L467773', 'L467774', 'L467775', 'L467776', 'L467777']
u7255	u7260	m490	['L467778', 'L467779', 'L467780', 'L467781', 'L467782']
u7255	u7260	m490	['L467800', 'L467801']
u7255	u7260	m490	['L467809', 'L467810']
u7255	u7260	m490	['L467815', 'L467816']
u7255	u7260	m490	['L467818', 'L467819', 'L467820']
u7255	u7260	m490	['L467821', 'L467822', 'L467823']
u7255	u7260	m490	['L467824', 'L467825', 'L467826']
u7255	u7260	m490	['L467827', 'L467828', 'L467829']
u7255	u7260	m490	['L467851', 'L467852']
u7255	u7260	m490	['L467856', 'L467857']
u7255	u7260	m490	['L467861', 'L467862']
u7255	u7260	m490	['L467890', 'L467891']
u7255	u7260	m490	['L467892', 'L467893', 'L467894', 'L467895', 'L467896', 'L467897', 'L467898', 'L467899', 'L467900', 'L467901', 'L467902', 'L467903']
u7255	u7260	m490	['L467910', 'L467911']
u7255	u7260	m490	['L467923', 'L467924']
u7255	u7260	m490	['L467934', 'L467935', 'L467936']
u7255	u7260	m490	['L467950', 'L467951']
u7255	u7260	m490	['L468005', 'L468006', 'L468007', 'L468008', 'L468009']
u7255	u7260	m490	['L468026', 'L468027', 'L468028']
u7255	u7260	m490	['L468045', 'L468046']
u7255	u7260	m490	['L468047', 'L468048', 'L468049', 'L468050', 'L468051']
u7255	u7262	m490	['L467853', 'L467854', 'L467855']
u7255	u7262	m490	['L468084', 'L468085', 'L468086']
u7255	u7262	m490	['L468219', 'L468220']
u7256	u7262	m490	['L468213', 'L468214']
u7256	u7262	m490	['L468224', 'L468225', 'L468226', 'L468227', 'L468228', 'L468229']
u7258	u7260	m490	['L467979', 'L467980']
u7258	u7260	m490	['L468012', 'L468013', 'L468014', 'L468015']
u7258	u7260	m490	['L468017', 'L468018', 'L468019']
u7258	u7260	m490	['L468020', 'L468021']
u7258	u7260	m490	['L468130', 'L468131']
u7258	u7260	m490	['L468140', 'L468141']
u7258	u7259	m490	['L467918', 'L467919', 'L467920', 'L467921']
u7258	u7259	m490	['L468196', 'L468197', 'L468198', 'L468199', 'L468200', 'L468201', 'L468202']
u7258	u7259	m490	['L468204', 'L468205', 'L468206', 'L468207', 'L468208', 'L468209']
u7259	u7263	m490	['L467955', 'L467956', 'L467957']
u7259	u7263	m490	['L467958', 'L467959', 'L467960', 'L467961']
u7259	u7263	m490	['L467965', 'L467966', 'L467967', 'L467968', 'L467969', 'L467970', 'L467971', 'L467972', 'L467973', 'L467974']
u7260	u7262	m490	['L467859', 'L467860']
u7260	u7262	m490	['L467864', 'L467865', 'L467866']
u7260	u7262	m490	['L467930', 'L467931']
u7260	u7262	m490	['L467990', 'L467991']
u7261	u7262	m490	['L468075', 'L468076']
u7261	u7262	m490	['L468222', 'L468223']
u7261	u7262	m490	['L468230', 'L468231', 'L468232', 'L468233']
u7752	u7770	m525	['L525097', 'L525098', 'L525099', 'L525100']
u7752	u7770	m525	['L525101', 'L525102', 'L525103', 'L525104', 'L525105', 'L525106', 'L525107', 'L525108']
u7753	u7762	m525	['L524227', 'L524228', 'L524229', 'L524230', 'L524231', 'L524232']
u7753	u7762	m525	['L524234', 'L524235']
u7754	u7757	m525	['L524573', 'L524574', 'L524575', 'L524576', 'L524577', 'L524578', 'L524579', 'L524580', 'L524581']
u7754	u7757	m525	['L524585', 'L524586', 'L524587']
u7754	u7763	m525	['L524135', 'L524136', 'L524137']
u7754	u7763	m525	['L524140', 'L524141']
u7754	u7763	m525	['L524144', 'L524145']
u7754	u7763	m525	['L524153', 'L524154', 'L524155']
u7754	u7763	m525	['L524156', 'L524157']
u7754	u7770	m525	['L524186', 'L524187']
u7754	u7770	m525	['L524376', 'L524377', 'L524378']
u7754	u7770	m525	['L524630', 'L524631', 'L524632']
u7754	u7770	m525	['L524702', 'L524703', 'L524704']
u7754	u7770	m525	['L524723', 'L524724']
u7754	u7770	m525	['L524727', 'L524728']
u7754	u7770	m525	['L524739', 'L524740']
u7754	u7770	m525	['L524742', 'L524743']
u7754	u7770	m525	['L524813', 'L524814']
u7754	u7770	m525	['L524850', 'L524851']
u7754	u7770	m525	['L525213', 'L525214']
u7754	u7773	m525	['L524952', 'L524953']
u7754	u7773	m525	['L524977', 'L524978', 'L524979', 'L524980']
u7754	u7773	m525	['L525039', 'L525040']
u7754	u7761	m525	['L524049', 'L524050', 'L524051']
u7754	u7761	m525	['L524066', 'L524067', 'L524068']
u7754	u7761	m525	['L524093', 'L524094']
u7754	u7761	m525	['L524099', 'L524100']
u7754	u7761	m525	['L524138', 'L524139']
u7754	u7761	m525	['L524184', 'L524185']
u7754	u7761	m525	['L524244', 'L524245']
u7754	u7761	m525	['L524308', 'L524309', 'L524310', 'L524311']
u7754	u7761	m525	['L524312', 'L524313']
u7754	u7761	m525	['L524372', 'L524373']
u7754	u7761	m525	['L524384', 'L524385']
u7754	u7761	m525	['L524480', 'L524481']
u7754	u7761	m525	['L524601', 'L524602', 'L524603', 'L524604']
u7754	u7761	m525	['L524709', 'L524710']
u7754	u7761	m525	['L524747', 'L524748']
u7754	u7761	m525	['L524752', 'L524753', 'L524754', 'L524755', 'L524756']
u7754	u7761	m525	['L524807', 'L524808', 'L524809', 'L524810', 'L524811', 'L524812']
u7754	u7761	m525	['L524815', 'L524816', 'L524817']
u7754	u7761	m525	['L525031', 'L525032', 'L525033']
u7754	u7761	m525	['L525036', 'L525037']
u7754	u7761	m525	['L525118', 'L525119']
u7754	u7760	m525	['L524246', 'L524247']
u7754	u7760	m525	['L524257', 'L524258', 'L524259', 'L524260', 'L524261']
u7754	u7760	m525	['L525018', 'L525019', 'L525020', 'L525021', 'L525022']
u7754	u7760	m525	['L525227', 'L525228']
u7754	u7755	m525	['L524027', 'L524028']
u7754	u7755	m525	['L524396', 'L524397']
u7754	u7755	m525	['L524774', 'L524775', 'L524776', 'L524777', 'L524778']
u7754	u7755	m525	['L524779', 'L524780', 'L524781', 'L524782']
u7754	u7755	m525	['L524784', 'L524785']
u7754	u7755	m525	['L524786', 'L524787']
u7754	u7764	m525	['L524412', 'L524413']
u7754	u7764	m525	['L524415', 'L524416', 'L524417', 'L524418']
u7754	u7764	m525	['L524432', 'L524433']
u7754	u7764	m525	['L524482', 'L524483', 'L524484', 'L524485', 'L524486', 'L524487', 'L524488']
u7754	u7764	m525	['L524525', 'L524526', 'L524527', 'L524528', 'L524529', 'L524530']
u7754	u7764	m525	['L524540', 'L524541', 'L524542']
u7755	u7762	m525	['L524182', 'L524183']
u7755	u7762	m525	['L524295', 'L524296']
u7755	u7762	m525	['L524386', 'L524387', 'L524388']
u7755	u7762	m525	['L525075', 'L525076']
u7756	u7761	m525	['L524628', 'L524629']
u7756	u7761	m525	['L524633', 'L524634', 'L524635']
u7756	u7761	m525	['L524646', 'L524647']
u7756	u7761	m525	['L525215', 'L525216']
u7756	u7770	m525	['L524625', 'L524626', 'L524627']
u7756	u7770	m525	['L524636', 'L524637', 'L524638']
u7756	u7770	m525	['L524639', 'L524640']
u7756	u7770	m525	['L524657', 'L524658']
u7758	u7770	m525	['L524119', 'L524120']
u7758	u7770	m525	['L524827', 'L524828', 'L524829']
u7758	u7770	m525	['L524841', 'L524842']
u7758	u7770	m525	['L524848', 'L524849']
u7759	u7761	m525	['L524059', 'L524060']
u7759	u7761	m525	['L524083', 'L524084']
u7759	u7761	m525	['L524744', 'L524745', 'L524746']
u7759	u7761	m525	['L524758', 'L524759', 'L524760']
u7759	u7761	m525	['L525166', 'L525167']
u7760	u7769	m525	['L524400', 'L524401']
u7760	u7769	m525	['L524402', 'L524403']
u7760	u7769	m525	['L524923', 'L524924', 'L524925', 'L524926', 'L524927', 'L524928']
u7760	u7769	m525	['L525013', 'L525014']
u7760	u7769	m525	['L525123', 'L525124']
u7760	u7769	m525	['L525261', 'L525262']
u7760	u7768	m525	['L524544', 'L524545', 'L524546', 'L524547', 'L524548']
u7760	u7768	m525	['L524551', 'L524552']
u7760	u7768	m525	['L524555', 'L524556']
u7761	u7762	m525	['L524016', 'L524017', 'L524018']
u7761	u7762	m525	['L524343', 'L524344']
u7761	u7762	m525	['L524380', 'L524381']
u7761	u7762	m525	['L524391', 'L524392']
u7761	u7762	m525	['L525089', 'L525090', 'L525091']
u7761	u7762	m525	['L525094', 'L525095']
u7761	u7774	m525	['L524820', 'L524821', 'L524822', 'L524823', 'L524824', 'L524825', 'L524826']
u7761	u7774	m525	['L525048', 'L525049']
u7761	u7773	m525	['L524883', 'L524884', 'L524885']
u7761	u7773	m525	['L524937', 'L524938']
u7761	u7773	m525	['L524940', 'L524941', 'L524942', 'L524943']
u7761	u7773	m525	['L524965', 'L524966']
u7761	u7773	m525	['L524971', 'L524972']
u7761	u7773	m525	['L524973', 'L524974', 'L524975', 'L524976']
u7761	u7773	m525	['L524982', 'L524983']
u7761	u7773	m525	['L525007', 'L525008']
u7761	u7773	m525	['L525043', 'L525044', 'L525045', 'L525046']
u7761	u7770	m525	['L524012', 'L524013']
u7761	u7770	m525	['L524047', 'L524048']
u7761	u7770	m525	['L524064', 'L524065']
u7761	u7770	m525	['L524113', 'L524114']
u7761	u7770	m525	['L524125', 'L524126']
u7761	u7770	m525	['L524160', 'L524161']
u7761	u7770	m525	['L524168', 'L524169', 'L524170']
u7761	u7770	m525	['L524255', 'L524256']
u7761	u7770	m525	['L524263', 'L524264']
u7761	u7770	m525	['L524287', 'L524288']
u7761	u7770	m525	['L524315', 'L524316']
u7761	u7770	m525	['L524354', 'L524355']
u7761	u7770	m525	['L524508', 'L524509']
u7761	u7770	m525	['L524519', 'L524520', 'L524521', 'L524522', 'L524523']
u7761	u7770	m525	['L524591', 'L524592', 'L524593']
u7761	u7770	m525	['L524594', 'L524595']
u7761	u7770	m525	['L524599', 'L524600']
u7761	u7770	m525	['L524607', 'L524608']
u7761	u7770	m525	['L524622', 'L524623']
u7761	u7770	m525	['L524699', 'L524700', 'L524701']
u7761	u7770	m525	['L524721', 'L524722']
u7761	u7770	m525	['L524725', 'L524726']
u7761	u7770	m525	['L524732', 'L524733', 'L524734']
u7761	u7770	m525	['L524735', 'L524736', 'L524737']
u7761	u7770	m525	['L524750', 'L524751']
u7761	u7770	m525	['L524834', 'L524835', 'L524836', 'L524837']
u7761	u7770	m525	['L525034', 'L525035']
u7761	u7770	m525	['L525170', 'L525171', 'L525172']
u7761	u7770	m525	['L525255', 'L525256']
u7761	u7770	m525	['L525269', 'L525270']
u7761	u7770	m525	['L525273', 'L525274']
u7761	u7770	m525	['L525276', 'L525277']
u7762	u7771	m525	['L524179', 'L524180']
u7762	u7771	m525	['L524293', 'L524294']
u7762	u7771	m525	['L525092', 'L525093']
u7762	u7771	m525	['L525151', 'L525152']
u7762	u7771	m525	['L525154', 'L525155']
u7762	u7771	m525	['L525278', 'L525279']
u7762	u7766	m525	['L524665', 'L524666', 'L524667', 'L524668', 'L524669', 'L524670', 'L524671']
u7762	u7766	m525	['L524765', 'L524766', 'L524767']
u7762	u7766	m525	['L524768', 'L524769', 'L524770', 'L524771']
u7762	u7769	m525	['L525185', 'L525186']
u7762	u7769	m525	['L525187', 'L525188', 'L525189', 'L525190', 'L525191']
u7762	u7769	m525	['L525194', 'L525195', 'L525196', 'L525197']
u7762	u7767	m525	['L524175', 'L524176', 'L524177', 'L524178']
u7762	u7767	m525	['L524188', 'L524189', 'L524190', 'L524191']
u7762	u7767	m525	['L524196', 'L524197', 'L524198']
u7762	u7767	m525	['L524199', 'L524200', 'L524201', 'L524202']
u7762	u7764	m525	['L524430', 'L524431']
u7762	u7764	m525	['L524490', 'L524491', 'L524492', 'L524493', 'L524494']
u7762	u7764	m525	['L524495', 'L524496', 'L524497']
u7765	u7772	m525	['L524071', 'L524072', 'L524073']
u7765	u7772	m525	['L524075', 'L524076']
u7765	u7772	m525	['L524077', 'L524078', 'L524079']
u7765	u7772	m525	['L524085', 'L524086', 'L524087', 'L524088']
u7765	u7772	m525	['L524236', 'L524237']
u7765	u7772	m525	['L524238', 'L524239']
u7765	u7772	m525	['L524240', 'L524241']
u7765	u7772	m525	['L524324', 'L524325']
u7765	u7772	m525	['L524332', 'L524333']
u7765	u7772	m525	['L524345', 'L524346', 'L524347']
u7765	u7772	m525	['L524444', 'L524445', 'L524446']
u7765	u7772	m525	['L524451', 'L524452']
u7765	u7772	m525	['L524477', 'L524478']
u7765	u7772	m525	['L525057', 'L525058']
u7765	u7772	m525	['L525062', 'L525063']
u7765	u7772	m525	['L525120', 'L525121']
u7765	u7772	m525	['L525157', 'L525158']
u7765	u7772	m525	['L525161', 'L525162']
u7765	u7772	m525	['L525245', 'L525246']
u7768	u7769	m525	['L524406', 'L524407']
u7768	u7769	m525	['L524549', 'L524550']
u7768	u7769	m525	['L524553', 'L524554']
u7768	u7769	m525	['L524559', 'L524560', 'L524561', 'L524562']
u7768	u7769	m525	['L524563', 'L524564']
u7768	u7769	m525	['L524676', 'L524677']
u7768	u7769	m525	['L524682', 'L524683', 'L524684']
u7768	u7769	m525	['L524690', 'L524691', 'L524692', 'L524693']
u7768	u7769	m525	['L524695', 'L524696', 'L524697']
u7768	u7769	m525	['L524794', 'L524795', 'L524796', 'L524797', 'L524798', 'L524799', 'L524800']
u7768	u7769	m525	['L524913', 'L524914', 'L524915', 'L524916']
u7768	u7769	m525	['L524918', 'L524919']
u7768	u7769	m525	['L524921', 'L524922']
u7768	u7769	m525	['L525198', 'L525199']
u7768	u7769	m525	['L525205', 'L525206']
u7768	u7769	m525	['L525209', 'L525210']
u7768	u7769	m525	['L525232', 'L525233', 'L525234', 'L525235', 'L525236']
u7768	u7769	m525	['L525237', 'L525238']
u7768	u7769	m525	['L525240', 'L525241']
u7770	u7775	m525	['L524123', 'L524124']
u7770	u7775	m525	['L524242', 'L524243']
u7770	u7775	m525	['L524248', 'L524249', 'L524250']
u7770	u7775	m525	['L524514', 'L524515']
u7770	u7775	m525	['L524517', 'L524518']
u7770	u7775	m525	['L524589', 'L524590']
u7770	u7775	m525	['L524618', 'L524619', 'L524620', 'L524621']
u7770	u7775	m525	['L524830', 'L524831']
u7770	u7775	m525	['L525109', 'L525110']
u7770	u7775	m525	['L525281', 'L525282', 'L525283', 'L525284', 'L525285']
u7770	u7775	m525	['L525287', 'L525288', 'L525289', 'L525290', 'L525291', 'L525292']
u7770	u7773	m525	['L524954', 'L524955', 'L524956']
u7770	u7773	m525	['L524962', 'L524963', 'L524964']
u7770	u7773	m525	['L524967', 'L524968', 'L524969', 'L524970']
u8465	u8470	m575	['L615639', 'L615640']
u8465	u8470	m575	['L615647', 'L615648', 'L615649']
u8465	u8470	m575	['L615650', 'L615651', 'L615652', 'L615653', 'L615654', 'L615655', 'L615656', 'L615657', 'L615658']
u8465	u8470	m575	['L615659', 'L615660', 'L615661']
u8465	u8470	m575	['L615888', 'L615889']
u8465	u8470	m575	['L616003', 'L616004', 'L616005']
u8465	u8470	m575	['L616006', 'L616007', 'L616008']
u8465	u8470	m575	['L616015', 'L616016', 'L616017']
u8465	u8470	m575	['L616021', 'L616022', 'L616023', 'L616024', 'L616025', 'L616026', 'L616027', 'L616028', 'L616029', 'L616030', 'L616031', 'L616032', 'L616033']
u8465	u8467	m575	['L615688', 'L615689']
u8465	u8467	m575	['L615816', 'L615817']
u8465	u8467	m575	['L615820', 'L615821']
u8465	u8467	m575	['L615885', 'L615886']
u8465	u8467	m575	['L615890', 'L615891']
u8465	u8467	m575	['L616091', 'L616092', 'L616093']
u8465	u8467	m575	['L616131', 'L616132']
u8465	u8467	m575	['L616286', 'L616287']
u8465	u8475	m575	['L615818', 'L615819']
u8465	u8475	m575	['L616009', 'L616010', 'L616011', 'L616012', 'L616013']
u8465	u8478	m575	['L615670', 'L615671', 'L615672']
u8465	u8478	m575	['L615878', 'L615879']
u8465	u8478	m575	['L615892', 'L615893']
u8465	u8478	m575	['L616018', 'L616019']
u8465	u8478	m575	['L616147', 'L616148']
u8465	u8478	m575	['L616186', 'L616187', 'L616188', 'L616189']
u8466	u8472	m575	['L616444', 'L616445', 'L616446', 'L616447', 'L616448', 'L616449', 'L616450']
u8467	u8470	m575	['L615692', 'L615693']
u8467	u8470	m575	['L615896', 'L615897']
u8467	u8470	m575	['L615902', 'L615903']
u8467	u8470	m575	['L615910', 'L615911']
u8467	u8470	m575	['L615914', 'L615915']
u8467	u8470	m575	['L615924', 'L615925']
u8467	u8470	m575	['L616087', 'L616088']
u8467	u8470	m575	['L616351', 'L616352']
u8467	u8470	m575	['L616367', 'L616368']
u8467	u8470	m575	['L616371', 'L616372', 'L616373']
u8467	u8470	m575	['L616376', 'L616377']
u8467	u8475	m575	['L615463', 'L615464']
u8467	u8475	m575	['L615465', 'L615466', 'L615467', 'L615468', 'L615469', 'L615470', 'L615471', 'L615472']
u8467	u8475	m575	['L615473', 'L615474', 'L615475', 'L615476', 'L615477', 'L615478']
u8467	u8475	m575	['L615696', 'L615697', 'L615698', 'L615699', 'L615700', 'L615701', 'L615702', 'L615703', 'L615704', 'L615705', 'L615706']
u8467	u8475	m575	['L615756', 'L615757', 'L615758', 'L615759', 'L615760', 'L615761', 'L615762']
u8467	u8475	m575	['L615767', 'L615768', 'L615769']
u8467	u8475	m575	['L615797', 'L615798', 'L615799']
u8467	u8475	m575	['L615800', 'L615801', 'L615802', 'L615803', 'L615804', 'L615805', 'L615806', 'L615807', 'L615808']
u8467	u8475	m575	['L615822', 'L615823', 'L615824', 'L615825', 'L615826', 'L615827', 'L615828', 'L615829', 'L615830', 'L615831', 'L615832', 'L615833', 'L615834', 'L615835']
u8467	u8475	m575	['L615843', 'L615844']
u8467	u8475	m575	['L616052', 'L616053', 'L616054']
u8467	u8475	m575	['L616056', 'L616057', 'L616058', 'L616059']
u8467	u8475	m575	['L616060', 'L616061']
u8467	u8475	m575	['L616062', 'L616063', 'L616064', 'L616065', 'L616066']
u8467	u8475	m575	['L616068', 'L616069', 'L616070', 'L616071', 'L616072', 'L616073', 'L616074', 'L616075', 'L616076', 'L616077']
u8467	u8475	m575	['L616197', 'L616198', 'L616199', 'L616200', 'L616201']
u8467	u8475	m575	['L616213', 'L616214', 'L616215', 'L616216', 'L616217', 'L616218', 'L616219', 'L616220', 'L616221']
u8467	u8475	m575	['L616234', 'L616235']
u8467	u8475	m575	['L616293', 'L616294', 'L616295']
u8467	u8475	m575	['L616296', 'L616297', 'L616298', 'L616299', 'L616300', 'L616301', 'L616302', 'L616303', 'L616304', 'L616305', 'L616306']
u8467	u8475	m575	['L616307', 'L616308', 'L616309']
u8467	u8475	m575	['L616422', 'L616423', 'L616424', 'L616425']
u8467	u8475	m575	['L616520', 'L616521']
u8467	u8475	m575	['L616522', 'L616523']
u8467	u8476	m575	['L615411', 'L615412', 'L615413', 'L615414', 'L615415', 'L615416', 'L615417', 'L615418', 'L615419', 'L615420', 'L615421', 'L615422', 'L615423']
u8467	u8476	m575	['L615424', 'L615425']
u8467	u8476	m575	['L615426', 'L615427']
u8467	u8476	m575	['L615434', 'L615435']
u8467	u8476	m575	['L615439', 'L615440']
u8467	u8476	m575	['L615447', 'L615448']
u8467	u8476	m575	['L615544', 'L615545', 'L615546', 'L615547', 'L615548', 'L615549', 'L615550', 'L615551', 'L615552', 'L615553', 'L615554']
u8467	u8476	m575	['L615555', 'L615556', 'L615557']
u8467	u8476	m575	['L615558', 'L615559', 'L615560', 'L615561']
u8467	u8476	m575	['L615565', 'L615566', 'L615567', 'L615568', 'L615569']
u8467	u8476	m575	['L615574', 'L615575', 'L615576', 'L615577']
u8467	u8476	m575	['L615852', 'L615853', 'L615854', 'L615855']
u8467	u8476	m575	['L615856', 'L615857', 'L615858']
u8467	u8476	m575	['L615874', 'L615875', 'L615876']
u8467	u8476	m575	['L615883', 'L615884']
u8467	u8476	m575	['L615905', 'L615906', 'L615907', 'L615908']
u8467	u8476	m575	['L615920', 'L615921', 'L615922', 'L615923']
u8467	u8476	m575	['L615932', 'L615933', 'L615934']
u8467	u8476	m575	['L616264', 'L616265', 'L616266']
u8467	u8476	m575	['L616267', 'L616268']
u8467	u8476	m575	['L616503', 'L616504', 'L616505', 'L616506', 'L616507', 'L616508']
u8467	u8478	m575	['L615880', 'L615881']
u8467	u8478	m575	['L615898', 'L615899', 'L615900', 'L615901']
u8467	u8478	m575	['L615917', 'L615918']
u8467	u8478	m575	['L616085', 'L616086']
u8467	u8478	m575	['L616364', 'L616365', 'L616366']
u8467	u8478	m575	['L616369', 'L616370']
u8467	u8478	m575	['L616374', 'L616375']
u8467	u8472	m575	['L615770', 'L615771', 'L615772', 'L615773', 'L615774']
u8467	u8472	m575	['L616109', 'L616110']
u8467	u8472	m575	['L616145', 'L616146']
u8467	u8472	m575	['L616172', 'L616173', 'L616174', 'L616175', 'L616176', 'L616177']
u8467	u8472	m575	['L616181', 'L616182', 'L616183']
u8467	u8472	m575	['L616230', 'L616231']
u8467	u8472	m575	['L616236', 'L616237', 'L616238', 'L616239', 'L616240', 'L616241', 'L616242', 'L616243']
u8467	u8472	m575	['L616245', 'L616246', 'L616247', 'L616248', 'L616249']
u8467	u8472	m575	['L616271', 'L616272', 'L616273']
u8467	u8472	m575	['L616345', 'L616346']
u8467	u8472	m575	['L616349', 'L616350']
u8467	u8472	m575	['L616463', 'L616464']
u8467	u8472	m575	['L616475', 'L616476']
u8467	u8472	m575	['L616484', 'L616485']
u8467	u8472	m575	['L616526', 'L616527']
u8467	u8469	m575	['L615775', 'L615776']
u8467	u8469	m575	['L615779', 'L615780', 'L615781']
u8467	u8469	m575	['L615784', 'L615785', 'L615786']
u8467	u8469	m575	['L615838', 'L615839', 'L615840']
u8467	u8469	m575	['L615986', 'L615987', 'L615988', 'L615989']
u8467	u8469	m575	['L616045', 'L616046', 'L616047']
u8467	u8469	m575	['L616496', 'L616497', 'L616498', 'L616499', 'L616500', 'L616501', 'L616502']
u8468	u8476	m575	['L615716', 'L615717']
u8468	u8476	m575	['L615722', 'L615723']
u8468	u8476	m575	['L615724', 'L615725', 'L615726', 'L615727', 'L615728']
u8468	u8476	m575	['L615729', 'L615730', 'L615731', 'L615732', 'L615733', 'L615734']
u8468	u8476	m575	['L615735', 'L615736']
u8468	u8476	m575	['L615737', 'L615738', 'L615739', 'L615740', 'L615741']
u8468	u8476	m575	['L615742', 'L615743', 'L615744', 'L615745', 'L615746', 'L615747', 'L615748', 'L615749', 'L615750', 'L615751', 'L615752', 'L615753']
u8468	u8469	m575	['L615514', 'L615515', 'L615516', 'L615517', 'L615518', 'L615519', 'L615520']
u8468	u8469	m575	['L615523', 'L615524', 'L615525', 'L615526']
u8468	u8469	m575	['L615529', 'L615530']
u8468	u8469	m575	['L615707', 'L615708', 'L615709', 'L615710', 'L615711', 'L615712', 'L615713']
u8468	u8469	m575	['L615714', 'L615715']
u8468	u8469	m575	['L615718', 'L615719']
u8468	u8469	m575	['L616337', 'L616338', 'L616339', 'L616340', 'L616341']
u8468	u8471	m575	['L615521', 'L615522']
u8468	u8471	m575	['L615978', 'L615979', 'L615980', 'L615981', 'L615982']
u8469	u8472	m575	['L615765', 'L615766']
u8469	u8472	m575	['L615809', 'L615810', 'L615811']
u8469	u8472	m575	['L615814', 'L615815']
u8469	u8472	m575	['L615845', 'L615846', 'L615847', 'L615848', 'L615849']
u8469	u8472	m575	['L616276', 'L616277', 'L616278', 'L616279', 'L616280', 'L616281', 'L616282', 'L616283']
u8469	u8472	m575	['L616479', 'L616480', 'L616481', 'L616482', 'L616483']
u8469	u8475	m575	['L615393', 'L615394', 'L615395']
u8469	u8475	m575	['L615592', 'L615593', 'L615594', 'L615595', 'L615596']
u8469	u8475	m575	['L615597', 'L615598', 'L615599', 'L615600', 'L615601', 'L615602', 'L615603', 'L615604', 'L615605', 'L615606', 'L615607', 'L615608', 'L615609', 'L615610', 'L615611', 'L615612', 'L615613', 'L615614', 'L615615', 'L615616', 'L615617', 'L615618', 'L615619', 'L615620']
u8469	u8475	m575	['L615621', 'L615622']
u8469	u8475	m575	['L615790', 'L615791', 'L615792', 'L615793']
u8469	u8475	m575	['L616398', 'L616399', 'L616400']
u8469	u8475	m575	['L616401', 'L616402']
u8469	u8470	m575	['L616405', 'L616406', 'L616407', 'L616408', 'L616409', 'L616410', 'L616411']
u8469	u8471	m575	['L615333', 'L615334', 'L615335', 'L615336', 'L615337', 'L615338', 'L615339', 'L615340', 'L615341', 'L615342', 'L615343', 'L615344', 'L615345']
u8469	u8471	m575	['L615347', 'L615348', 'L615349', 'L615350', 'L615351', 'L615352']
u8469	u8471	m575	['L615500', 'L615501', 'L615502', 'L615503', 'L615504', 'L615505', 'L615506', 'L615507', 'L615508', 'L615509', 'L615510', 'L615511']
u8469	u8471	m575	['L615512', 'L615513']
u8469	u8471	m575	['L615983', 'L615984']
u8469	u8471	m575	['L616122', 'L616123']
u8469	u8471	m575	['L616532', 'L616533']
u8469	u8473	m575	['L615588', 'L615589', 'L615590', 'L615591']
u8469	u8473	m575	['L616206', 'L616207', 'L616208', 'L616209', 'L616210']
u8470	u8478	m575	['L615673', 'L615674', 'L615675', 'L615676']
u8470	u8478	m575	['L615679', 'L615680']
u8470	u8478	m575	['L615867', 'L615868', 'L615869', 'L615870', 'L615871']
u8470	u8478	m575	['L615912', 'L615913']
u8470	u8478	m575	['L615926', 'L615927', 'L615928', 'L615929']
u8470	u8475	m575	['L615956', 'L615957', 'L615958', 'L615959', 'L615960', 'L615961', 'L615962', 'L615963']
u8470	u8475	m575	['L615964', 'L615965', 'L615966', 'L615967', 'L615968', 'L615969', 'L615970', 'L615971']
u8470	u8475	m575	['L615974', 'L615975', 'L615976']
u8470	u8475	m575	['L615994', 'L615995', 'L615996', 'L615997']
u8470	u8475	m575	['L615998', 'L615999']
u8470	u8475	m575	['L616192', 'L616193', 'L616194', 'L616195', 'L616196']
u8470	u8475	m575	['L616418', 'L616419']
u8472	u8473	m575	['L616468', 'L616469', 'L616470', 'L616471', 'L616472', 'L616473', 'L616474']
u8472	u8473	m575	['L616477', 'L616478']
u8472	u8475	m575	['L616232', 'L616233']
u8472	u8475	m575	['L616353', 'L616354', 'L616355', 'L616356', 'L616357', 'L616358', 'L616359', 'L616360', 'L616361']
u8472	u8475	m575	['L616459', 'L616460', 'L616461', 'L616462']
u8472	u8475	m575	['L616517', 'L616518', 'L616519']
u8472	u8475	m575	['L616528', 'L616529']
u8472	u8474	m575	['L615862', 'L615863', 'L615864']
u8472	u8474	m575	['L616252', 'L616253', 'L616254', 'L616255']
u8472	u8474	m575	['L616256', 'L616257', 'L616258']
u8473	u8475	m575	['L615396', 'L615397']
u8473	u8475	m575	['L615939', 'L615940', 'L615941']
u8473	u8475	m575	['L616135', 'L616136', 'L616137', 'L616138', 'L616139', 'L616140']
u8476	u8477	m575	['L615562', 'L615563', 'L615564']
u8476	u8477	m575	['L616314', 'L616315', 'L616316', 'L616317']
u8476	u8477	m575	['L616326', 'L616327', 'L616328', 'L616329', 'L616330']
u8948	u8950	m610	['L659375', 'L659376', 'L659377', 'L659378', 'L659379']
u8948	u8950	m610	['L659382', 'L659383', 'L659384', 'L659385']
u8948	u8950	m610	['L659439', 'L659440', 'L659441', 'L659442']
u8948	u8950	m610	['L659470', 'L659471']
u8948	u8950	m610	['L660474', 'L660475', 'L660476', 'L660477']
u8948	u8950	m610	['L660481', 'L660482', 'L660483']
u8948	u8950	m610	['L660490', 'L660491']
u8948	u8962	m610	['L659386', 'L659387', 'L659388', 'L659389', 'L659390']
u8948	u8962	m610	['L659464', 'L659465']
u8948	u8952	m610	['L659426', 'L659427', 'L659428', 'L659429', 'L659430', 'L659431']
u8949	u8955	m610	['L659584', 'L659585', 'L659586', 'L659587', 'L659588', 'L659589']
u8949	u8955	m610	['L659594', 'L659595', 'L659596']
u8949	u8955	m610	['L659604', 'L659605']
u8950	u8957	m610	['L660084', 'L660085']
u8950	u8957	m610	['L660086', 'L660087']
u8950	u8957	m610	['L660328', 'L660329', 'L660330']
u8950	u8957	m610	['L660332', 'L660333', 'L660334']
u8950	u8957	m610	['L660341', 'L660342']
u8950	u8957	m610	['L660351', 'L660352', 'L660353', 'L660354']
u8950	u8964	m610	['L660355', 'L660356', 'L660357']
u8950	u8964	m610	['L660360', 'L660361']
u8950	u8964	m610	['L660425', 'L660426', 'L660427']
u8950	u8964	m610	['L660437', 'L660438', 'L660439', 'L660440']
u8950	u8952	m610	['L659407', 'L659408', 'L659409', 'L659410', 'L659411', 'L659412', 'L659413', 'L659414', 'L659415']
u8950	u8952	m610	['L659421', 'L659422', 'L659423']
u8950	u8963	m610	['L659619', 'L659620']
u8950	u8963	m610	['L660198', 'L660199', 'L660200', 'L660201', 'L660202', 'L660203']
u8950	u8963	m610	['L660204', 'L660205']
u8950	u8963	m610	['L660206', 'L660207', 'L660208']
u8950	u8963	m610	['L660211', 'L660212']
u8950	u8951	m610	['L659552', 'L659553', 'L659554']
u8950	u8951	m610	['L659556', 'L659557']
u8950	u8951	m610	['L659563', 'L659564', 'L659565']
u8950	u8951	m610	['L659614', 'L659615']
u8950	u8951	m610	['L659636', 'L659637', 'L659638', 'L659639', 'L659640', 'L659641', 'L659642', 'L659643', 'L659644']
u8950	u8951	m610	['L660446', 'L660447', 'L660448']
u8950	u8951	m610	['L660458', 'L660459', 'L660460', 'L660461', 'L660462']
u8950	u8951	m610	['L660467', 'L660468']
u8950	u8951	m610	['L660469', 'L660470']
u8950	u8951	m610	['L660471', 'L660472']
u8950	u8958	m610	['L659481', 'L659482', 'L659483', 'L659484', 'L659485', 'L659486']
u8950	u8958	m610	['L659487', 'L659488']
u8950	u8958	m610	['L659491', 'L659492', 'L659493', 'L659494', 'L659495', 'L659496', 'L659497', 'L659498', 'L659499']
u8950	u8958	m610	['L659506', 'L659507']
u8950	u8958	m610	['L659510', 'L659511', 'L659512']
u8950	u8958	m610	['L659513', 'L659514', 'L659515', 'L659516', 'L659517']
u8950	u8958	m610	['L659519', 'L659520', 'L659521']
u8950	u8958	m610	['L659523', 'L659524']
u8950	u8958	m610	['L659525', 'L659526']
u8950	u8958	m610	['L659527', 'L659528', 'L659529', 'L659530']
u8950	u8958	m610	['L659531', 'L659532', 'L659533']
u8950	u8958	m610	['L660488', 'L660489']
u8950	u8956	m610	['L659457', 'L659458']
u8950	u8956	m610	['L659466', 'L659467', 'L659468', 'L659469']
u8950	u8956	m610	['L659472', 'L659473']
u8950	u8960	m610	['L659750', 'L659751', 'L659752']
u8950	u8960	m610	['L659755', 'L659756']
u8950	u8960	m610	['L659762', 'L659763']
u8950	u8960	m610	['L659764', 'L659765', 'L659766', 'L659767', 'L659768']
u8950	u8960	m610	['L659769', 'L659770', 'L659771', 'L659772']
u8950	u8960	m610	['L659777', 'L659778']
u8950	u8960	m610	['L659785', 'L659786', 'L659787', 'L659788']
u8950	u8960	m610	['L659791', 'L659792', 'L659793']
u8950	u8960	m610	['L659803', 'L659804', 'L659805', 'L659806', 'L659807', 'L659808']
u8950	u8960	m610	['L659809', 'L659810', 'L659811']
u8950	u8960	m610	['L659824', 'L659825']
u8950	u8960	m610	['L659834', 'L659835']
u8950	u8960	m610	['L659851', 'L659852', 'L659853']
u8950	u8960	m610	['L659880', 'L659881']
u8950	u8960	m610	['L659991', 'L659992']
u8950	u8960	m610	['L660069', 'L660070']
u8950	u8960	m610	['L660146', 'L660147']
u8950	u8960	m610	['L660155', 'L660156']
u8950	u8960	m610	['L660278', 'L660279']
u8950	u8960	m610	['L660336', 'L660337']
u8950	u8960	m610	['L660402', 'L660403']
u8950	u8960	m610	['L660404', 'L660405']
u8950	u8960	m610	['L660463', 'L660464']
u8950	u8961	m610	['L659842', 'L659843', 'L659844', 'L659845', 'L659846', 'L659847', 'L659848', 'L659849', 'L659850']
u8950	u8954	m610	['L659868', 'L659869']
u8950	u8954	m610	['L659870', 'L659871', 'L659872', 'L659873']
u8950	u8954	m610	['L659885', 'L659886', 'L659887']
u8950	u8954	m610	['L659893', 'L659894']
u8950	u8954	m610	['L659900', 'L659901']
u8950	u8954	m610	['L659903', 'L659904']
u8950	u8954	m610	['L659938', 'L659939']
u8950	u8954	m610	['L659985', 'L659986']
u8950	u8954	m610	['L659989', 'L659990']
u8950	u8954	m610	['L660009', 'L660010']
u8950	u8954	m610	['L660022', 'L660023']
u8950	u8954	m610	['L660036', 'L660037']
u8950	u8954	m610	['L660040', 'L660041', 'L660042', 'L660043']
u8950	u8954	m610	['L660071', 'L660072', 'L660073', 'L660074', 'L660075', 'L660076', 'L660077']
u8950	u8954	m610	['L660120', 'L660121']
u8950	u8954	m610	['L660136', 'L660137', 'L660138']
u8950	u8954	m610	['L660159', 'L660160']
u8950	u8954	m610	['L660164', 'L660165', 'L660166']
u8950	u8954	m610	['L660275', 'L660276', 'L660277']
u8950	u8954	m610	['L660292', 'L660293']
u8950	u8954	m610	['L660408', 'L660409']
u8950	u8954	m610	['L660442', 'L660443', 'L660444']
u8950	u8954	m610	['L660465', 'L660466']
u8950	u8953	m610	['L659402', 'L659403', 'L659404', 'L659405', 'L659406']
u8950	u8953	m610	['L659424', 'L659425']
u8950	u8959	m610	['L659660', 'L659661']
u8950	u8959	m610	['L659678', 'L659679', 'L659680']
u8950	u8959	m610	['L659684', 'L659685', 'L659686']
u8950	u8959	m610	['L659687', 'L659688', 'L659689', 'L659690', 'L659691']
u8950	u8959	m610	['L659692', 'L659693', 'L659694', 'L659695']
u8950	u8959	m610	['L659707', 'L659708', 'L659709', 'L659710', 'L659711', 'L659712', 'L659713', 'L659714', 'L659715', 'L659716', 'L659717', 'L659718', 'L659719', 'L659720']
u8950	u8959	m610	['L659722', 'L659723', 'L659724', 'L659725', 'L659726']
u8950	u8959	m610	['L659734', 'L659735']
u8950	u8959	m610	['L659745', 'L659746']
u8950	u8959	m610	['L659747', 'L659748', 'L659749']
u8950	u8959	m610	['L659753', 'L659754']
u8950	u8959	m610	['L659757', 'L659758', 'L659759', 'L659760']
u8950	u8959	m610	['L659789', 'L659790']
u8950	u8959	m610	['L659818', 'L659819']
u8950	u8959	m610	['L659822', 'L659823']
u8950	u8959	m610	['L659831', 'L659832', 'L659833']
u8950	u8959	m610	['L659878', 'L659879']
u8950	u8959	m610	['L659913', 'L659914']
u8950	u8959	m610	['L659936', 'L659937']
u8950	u8959	m610	['L659940', 'L659941']
u8950	u8959	m610	['L659942', 'L659943']
u8950	u8959	m610	['L659998', 'L659999']
u8950	u8959	m610	['L660056', 'L660057', 'L660058']
u8950	u8959	m610	['L660148', 'L660149']
u8950	u8959	m610	['L660157', 'L660158']
u8950	u8959	m610	['L660302', 'L660303', 'L660304']
u8951	u8963	m610	['L659616', 'L659617', 'L659618']
u8951	u8963	m610	['L659622', 'L659623']
u8951	u8963	m610	['L659625', 'L659626']
u8951	u8963	m610	['L659630', 'L659631', 'L659632']
u8954	u8964	m610	['L660383', 'L660384']
u8954	u8964	m610	['L660412', 'L660413', 'L660414', 'L660415']
u8954	u8964	m610	['L660421', 'L660422']
u8954	u8959	m610	['L659924', 'L659925']
u8954	u8959	m610	['L660044', 'L660045']
u8954	u8959	m610	['L660060', 'L660061', 'L660062']
u8954	u8959	m610	['L660067', 'L660068']
u8954	u8959	m610	['L660078', 'L660079', 'L660080', 'L660081', 'L660082', 'L660083']
u8954	u8959	m610	['L660188', 'L660189']
u8954	u8959	m610	['L660233', 'L660234', 'L660235', 'L660236', 'L660237', 'L660238', 'L660239', 'L660240']
u8954	u8959	m610	['L660247', 'L660248']
u8954	u8959	m610	['L660259', 'L660260']
u8954	u8959	m610	['L660271', 'L660272']
u8954	u8959	m610	['L660298', 'L660299']
u8954	u8959	m610	['L660358', 'L660359']
u8954	u8960	m610	['L659858', 'L659859', 'L659860']
u8954	u8960	m610	['L659875', 'L659876', 'L659877']
u8954	u8960	m610	['L659919', 'L659920']
u8954	u8960	m610	['L660038', 'L660039']
u8954	u8960	m610	['L660134', 'L660135']
u8954	u8960	m610	['L660153', 'L660154']
u8954	u8960	m610	['L660169', 'L660170', 'L660171', 'L660172']
u8954	u8960	m610	['L660190', 'L660191', 'L660192']
u8954	u8960	m610	['L660217', 'L660218']
u8954	u8960	m610	['L660226', 'L660227']
u8954	u8960	m610	['L660245', 'L660246']
u8954	u8960	m610	['L660262', 'L660263']
u8954	u8960	m610	['L660269', 'L660270']
u8954	u8960	m610	['L660378', 'L660379']
u8956	u8962	m610	['L659447', 'L659448', 'L659449']
u8956	u8962	m610	['L659450', 'L659451', 'L659452', 'L659453', 'L659454', 'L659455', 'L659456']
u8957	u8960	m610	['L660099', 'L660100']
u8957	u8960	m610	['L660102', 'L660103', 'L660104', 'L660105']
u8957	u8960	m610	['L660124', 'L660125']
u8959	u8960	m610	['L659773', 'L659774']
u8959	u8960	m610	['L659801', 'L659802']
u8959	u8960	m610	['L659820', 'L659821']
u8959	u8960	m610	['L659826', 'L659827', 'L659828', 'L659829']
u8959	u8960	m610	['L659836', 'L659837']
u8959	u8960	m610	['L659888', 'L659889']
u8959	u8960	m610	['L659891', 'L659892']
u8959	u8960	m610	['L659905', 'L659906']
u8959	u8960	m610	['L659907', 'L659908', 'L659909']
u8959	u8960	m610	['L659917', 'L659918']
u8959	u8960	m610	['L659922', 'L659923']
u8959	u8960	m610	['L659926', 'L659927', 'L659928', 'L659929', 'L659930', 'L659931']
u8959	u8960	m610	['L659932', 'L659933', 'L659934']
u8959	u8960	m610	['L659983', 'L659984']
u8959	u8960	m610	['L660020', 'L660021']
u8959	u8960	m610	['L660140', 'L660141', 'L660142']
u8959	u8960	m610	['L660162', 'L660163']
u8959	u8960	m610	['L660167', 'L660168']
u8959	u8960	m610	['L660184', 'L660185', 'L660186', 'L660187']
u8959	u8960	m610	['L660193', 'L660194', 'L660195', 'L660196']
u8959	u8960	m610	['L660219', 'L660220']
u8959	u8960	m610	['L660222', 'L660223', 'L660224']
u8959	u8960	m610	['L660230', 'L660231']
u8959	u8960	m610	['L660243', 'L660244']
u8959	u8960	m610	['L660254', 'L660255', 'L660256', 'L660257']
u8959	u8960	m610	['L660294', 'L660295']
u8959	u8960	m610	['L660410', 'L660411']
u8959	u8964	m610	['L660365', 'L660366', 'L660367']
u8959	u8964	m610	['L660368', 'L660369', 'L660370', 'L660371', 'L660372', 'L660373']
u8959	u8964	m610	['L660380', 'L660381']
u8959	u8964	m610	['L660387', 'L660388']
u8959	u8964	m610	['L660391', 'L660392']
u8960	u8964	m610	['L660396', 'L660397', 'L660398']
u8960	u8964	m610	['L660432', 'L660433', 'L660434']
u8960	u8964	m610	['L660435', 'L660436']
