mId,movieTitle,movieYear,rating,geners,female_lines_count,male_lines_count,unknown_lines_count,female_lines_percentage,male_lines_percentage,unknown_lines_percentage
m0,10 things i hate about you,1999,6.9,"['comedy', 'romance']",208,362,0,36.49122807017544,63.50877192982456,0.0
m1,1492: conquest of paradise,1992,6.2,"['adventure', 'biography', 'drama', 'history']",35,185,53,12.82051282051282,67.76556776556777,19.413919413919416
m2,15 minutes,2001,6.1,"['action', 'crime', 'drama', 'thriller']",99,532,41,14.732142857142858,79.16666666666666,6.101190476190476
m3,2001: a space odyssey,1968,8.4,"['adventure', 'mystery', 'sci-fi']",7,237,28,2.5735294117647056,87.13235294117648,10.294117647058822
m4,48 hrs.,1982,6.9,"['action', 'comedy', 'crime', 'drama', 'thriller']",75,432,71,12.975778546712801,74.74048442906575,12.283737024221452
m5,the fifth element,1997,7.5,"['action', 'adventure', 'romance', 'sci-fi', 'thriller']",63,281,77,14.964370546318289,66.7458432304038,18.28978622327791
m6,8mm,1999,6.3,"['crime', 'mystery', 'thriller']",114,440,30,19.52054794520548,75.34246575342466,5.136986301369863
m7,a nightmare on elm street 4: the dream master,1988,5.2,"['fantasy', 'horror', 'thriller']",95,60,0,61.29032258064516,38.70967741935484,0.0
m8,a nightmare on elm street: the dream child,1989,4.7,"['fantasy', 'horror', 'thriller']",136,70,0,66.01941747572816,33.980582524271846,0.0
m9,the atomic submarine,1959,4.9,"['sci-fi', 'thriller']",0,161,51,0.0,75.94339622641509,24.056603773584907
m10,affliction,1997,6.9,"['drama', 'mystery', 'thriller']",121,465,41,19.298245614035086,74.16267942583733,6.539074960127592
m11,air force one,1997,6.3,"['action', 'drama', 'thriller']",71,150,147,19.293478260869566,40.76086956521739,39.94565217391305
m12,airplane ii: the sequel,1982,5.8,"['comedy', 'romance', 'sci-fi']",101,125,65,34.707903780068726,42.955326460481096,22.336769759450174
m13,airplane!,1980,7.8,"['comedy', 'romance']",80,104,52,33.89830508474576,44.06779661016949,22.033898305084744
m14,alien nation,1988,6.1,"['crime', 'drama', 'sci-fi', 'thriller']",24,265,27,7.59493670886076,83.86075949367088,8.544303797468354
m15,aliens,1986,8.5,"['action', 'sci-fi', 'thriller']",163,167,29,45.40389972144847,46.51810584958218,8.07799442896936
m16,amadeus,1984,8.4,"['biography', 'drama', 'music']",159,706,142,15.789473684210526,70.10923535253227,14.101290963257199
m17,an american werewolf in london,1981,7.5,"['horror', 'romance']",32,514,32,5.536332179930796,88.92733564013841,5.536332179930796
m18,american madness,1932,7.4,['drama'],121,422,14,21.723518850987432,75.76301615798923,2.5134649910233393
m19,american outlaws,2001,5.7,"['action', 'western']",63,566,40,9.417040358744394,84.60388639760838,5.9790732436472345
m20,american psycho,2000,7.4,"['drama', 'thriller']",163,497,18,24.041297935103245,73.30383480825958,2.6548672566371683
m21,antitrust,2001,6.0,"['drama', 'thriller']",127,378,21,24.14448669201521,71.86311787072243,3.9923954372623576
m22,austin powers: international man of mystery,1997,7.1,"['action', 'adventure', 'comedy', 'crime']",116,318,49,24.016563146997928,65.83850931677019,10.144927536231885
m23,the avengers,1998,3.4,"['action', 'adventure', 'thriller']",269,210,19,54.01606425702812,42.168674698795186,3.815261044176707
m24,bachelor party,1984,5.9,"['comedy', 'romance']",101,346,33,21.041666666666668,72.08333333333333,6.875000000000001
m25,backdraft,1991,6.6,"['action', 'crime', 'drama', 'mystery', 'thriller']",86,468,22,14.930555555555555,81.25,3.8194444444444446
m26,bad lieutenant,1992,6.9,"['crime', 'drama']",20,90,21,15.267175572519085,68.70229007633588,16.030534351145036
m27,bamboozled,2000,6.3,"['comedy', 'drama', 'music']",138,421,141,19.714285714285715,60.14285714285714,20.142857142857142
m28,barry lyndon,1975,8.1,"['drama', 'romance', 'war']",44,256,38,13.017751479289942,75.7396449704142,11.242603550295858
m29,basic,2003,6.3,"['crime', 'drama', 'mystery', 'thriller']",137,498,43,20.206489675516224,73.45132743362832,6.342182890855458
m30,big fish,2003,8.1,"['adventure', 'drama', 'fantasy']",105,266,36,25.7985257985258,65.35626535626535,8.845208845208845
m31,birthday girl,2001,6.0,"['comedy', 'crime', 'romance', 'thriller']",167,188,4,46.51810584958218,52.36768802228412,1.1142061281337048
m32,black snake moan,2006,7.1,['drama'],181,327,7,35.14563106796116,63.49514563106796,1.3592233009708738
m33,black rain,1989,6.4,"['action', 'crime', 'drama', 'thriller']",37,256,92,9.61038961038961,66.49350649350649,23.896103896103895
m34,blade runner,1982,8.3,"['drama', 'sci-fi', 'thriller']",104,373,17,21.052631578947366,75.50607287449392,3.4412955465587043
m35,blast from the past,1999,6.4,"['comedy', 'drama', 'romance']",346,582,52,35.30612244897959,59.38775510204082,5.3061224489795915
m36,blue velvet,1986,7.8,"['crime', 'mystery', 'thriller']",270,402,17,39.18722786647315,58.345428156748916,2.467343976777939
m37,the boondock saints,1999,7.8,"['action', 'crime', 'drama', 'thriller']",56,423,22,11.177644710578843,84.4311377245509,4.39121756487026
m38,bottle rocket,1996,7.2,"['comedy', 'crime']",5,864,40,0.5500550055005501,95.04950495049505,4.400440044004401
m39,the bourne supremacy,2004,7.6,"['action', 'adventure', 'mystery', 'thriller']",167,168,55,42.82051282051282,43.07692307692308,14.102564102564102
m40,braveheart,1995,8.4,"['action', 'biography', 'drama', 'history', 'war']",67,184,30,23.843416370106763,65.48042704626334,10.676156583629894
m41,the butterfly effect,2004,7.8,"['drama', 'mystery', 'sci-fi', 'thriller']",143,280,17,32.5,63.63636363636363,3.8636363636363633
m42,casablanca,1942,8.8,"['drama', 'romance', 'war']",140,687,7,16.786570743405278,82.37410071942446,0.8393285371702638
m43,cast away,2000,7.5,"['adventure', 'drama']",88,304,8,22.0,76.0,2.0
m44,the cider house rules,1999,7.5,"['drama', 'romance']",167,372,37,28.993055555555557,64.58333333333334,6.423611111111111
m45,confidence,2003,6.8,"['crime', 'thriller']",73,458,84,11.869918699186991,74.47154471544715,13.658536585365855
m46,croupier,1998,7.2,"['crime', 'drama']",148,329,13,30.20408163265306,67.14285714285714,2.6530612244897958
m47,dark star,1974,6.5,"['comedy', 'sci-fi', 'thriller']",0,283,5,0.0,98.26388888888889,1.7361111111111112
m48,dark angel,1990,5.3,"['action', 'crime', 'drama', 'horror', 'sci-fi', 'thriller']",98,428,33,17.531305903398927,76.56529516994634,5.903398926654741
m49,detroit rock city,1999,6.5,"['comedy', 'music']",47,276,36,13.09192200557103,76.88022284122563,10.027855153203342
m50,donnie darko,2001,8.3,"['drama', 'mystery', 'sci-fi']",116,323,63,23.107569721115535,64.34262948207171,12.549800796812749
m51,drop dead gorgeous,1999,6.3,"['comedy', 'adult']",245,48,13,80.06535947712419,15.686274509803921,4.248366013071895
m52,duck soup,1933,8.1,"['comedy', 'musical']",49,263,9,15.264797507788161,81.93146417445483,2.803738317757009
m53,the elephant man,1980,8.4,"['biography', 'drama', 'history']",81,361,21,17.49460043196544,77.96976241900649,4.535637149028078
m54,erik the viking,1989,5.9,"['comedy', 'adventure', 'fantasy']",92,406,64,16.370106761565836,72.24199288256227,11.387900355871885
m55,eternal sunshine of the spotless mind,2004,8.5,"['drama', 'romance', 'sci-fi']",348,427,53,42.028985507246375,51.57004830917874,6.40096618357488
m56,even cowgirls get the blues,1993,4.0,"['comedy', 'drama', 'romance', 'western']",77,74,0,50.993377483443716,49.00662251655629,0.0
m57,event horizon,1997,6.4,"['horror', 'mystery', 'mystery', 'sci-fi', 'sci-fi']",132,469,0,21.96339434276206,78.03660565723793,0.0
m58,fantastic four,2005,5.7,"['action', 'adventure', 'fantasy', 'sci-fi', 'fantasy']",108,326,16,24.0,72.44444444444444,3.5555555555555554
m59,fast times at ridgemont high,1982,7.2,"['comedy', 'drama', 'romance']",249,248,92,42.27504244482173,42.10526315789473,15.619694397283531
m60,fear and loathing in las vegas,1998,7.6,"['drama', 'fantasy']",33,325,10,8.967391304347826,88.31521739130434,2.717391304347826
m61,feast,2005,6.4,"['action', 'comedy', 'horror', 'thriller']",130,47,184,36.011080332409975,13.019390581717452,50.96952908587258
m62,frances,1982,7.2,"['biography', 'drama']",417,258,54,57.20164609053497,35.390946502057616,7.4074074074074066
m63,frankenstein,1931,8.0,"['drama', 'horror', 'sci-fi']",65,172,67,21.38157894736842,56.57894736842105,22.039473684210524
m64,friday the 13th,2009,5.6,['horror'],42,53,0,44.21052631578947,55.78947368421052,0.0
m65,from dusk till dawn,1996,7.1,"['action', 'crime', 'horror', 'thriller']",44,377,27,9.821428571428571,84.15178571428571,6.026785714285714
m66,g.i. jane,1997,5.6,"['action', 'drama']",57,326,115,11.44578313253012,65.46184738955823,23.09236947791165
m67,godzilla,1998,4.9,"['action', 'horror', 'sci-fi', 'thriller']",104,194,7,34.0983606557377,63.60655737704918,2.2950819672131146
m68,galaxy quest,1999,7.2,"['action', 'adventure', 'comedy', 'sci-fi']",80,397,34,15.655577299412915,77.69080234833659,6.653620352250488
m69,george washington,2000,7.5,['drama'],56,352,55,12.095032397408207,76.02591792656588,11.879049676025918
m70,get shorty,1995,6.9,"['comedy', 'crime', 'thriller']",94,634,18,12.600536193029491,84.98659517426273,2.4128686327077746
m71,ghost ship,2002,5.3,"['horror', 'mystery', 'thriller']",124,433,14,21.71628721541156,75.83187390542906,2.4518388791593697
m72,ghost world,2001,7.7,"['comedy', 'drama']",689,282,14,69.94923857868021,28.62944162436548,1.4213197969543148
m73,the ghost and the darkness,1996,6.6,"['adventure', 'drama', 'thriller']",6,280,4,2.0689655172413794,96.55172413793103,1.3793103448275863
m74,ghostbusters ii,1989,6.1,"['action', 'adventure', 'comedy', 'fantasy', 'sci-fi', 'action', 'adventure', 'comedy', 'sci-fi']",98,388,11,19.718309859154928,78.06841046277665,2.2132796780684103
m75,ghostbusters,1986,6.9,"['animation', 'comedy', 'fantasy', 'sci-fi', 'horror']",78,316,60,17.180616740088105,69.60352422907489,13.215859030837004
m76,gladiator,2000,8.4,"['action', 'adventure', 'drama']",66,281,30,17.50663129973475,74.53580901856765,7.957559681697612
m77,the graduate,1967,8.2,"['comedy', 'drama', 'romance']",404,593,17,39.8422090729783,58.481262327416175,1.6765285996055226
m78,grand hotel,1932,7.7,"['drama', 'romance']",229,548,55,27.524038461538463,65.86538461538461,6.610576923076923
m79,the grifters,1990,7.0,"['crime', 'drama', 'thriller']",218,281,53,39.492753623188406,50.90579710144928,9.601449275362318
m80,halloween h20: 20 years later,1998,5.4,"['drama', 'horror', 'thriller']",124,132,5,47.509578544061306,50.57471264367817,1.9157088122605364
m81,halloween: the curse of michael myers,1995,4.5,"['horror', 'thriller']",67,114,4,36.21621621621622,61.62162162162163,2.1621621621621623
m82,"happy birthday, wanda june",1971,5.8,"['comedy', 'drama']",250,888,22,21.551724137931032,76.55172413793103,1.896551724137931
m83,hardcore,1979,6.7,['drama'],157,354,25,29.291044776119403,66.04477611940298,4.664179104477612
m84,harold and maude,1971,8.1,"['comedy', 'romance']",227,273,30,42.83018867924528,51.509433962264154,5.660377358490567
m85,hellbound: hellraiser ii,1988,6.2,"['drama', 'horror', 'thriller']",57,37,22,49.137931034482754,31.896551724137932,18.96551724137931
m86,hellboy,2004,6.8,"['action', 'adventure', 'fantasy']",29,211,49,10.034602076124568,73.01038062283737,16.955017301038062
m87,hellraiser,1987,7.0,['horror'],248,220,40,48.818897637795274,43.30708661417323,7.874015748031496
m88,high fidelity,2000,7.6,"['comedy', 'drama', 'music', 'romance']",262,562,0,31.79611650485437,68.20388349514563,0.0
m89,highlander,1986,7.2,"['action', 'fantasy']",166,392,91,25.577812018489986,60.40061633281972,14.021571648690292
m90,his girl friday,1940,8.1,"['comedy', 'drama', 'romance']",374,690,84,32.57839721254355,60.10452961672473,7.317073170731707
m91,hope and glory,1987,7.4,"['drama', 'war']",126,157,20,41.584158415841586,51.81518151815182,6.6006600660066
m92,house of 1000 corpses,2003,5.6,['horror'],255,279,79,41.598694942903755,45.51386623164764,12.887438825448614
m93,human nature,2001,6.3,"['comedy', 'drama']",280,263,11,50.54151624548736,47.47292418772563,1.9855595667870036
m94,the hustler,1961,8.2,"['drama', 'romance', 'sport']",121,550,24,17.41007194244604,79.13669064748201,3.4532374100719423
m95,i am legend,2007,7.1,"['drama', 'sci-fi', 'thriller']",40,53,4,41.23711340206185,54.63917525773196,4.123711340206185
m96,invaders from mars,1953,6.4,"['horror', 'sci-fi']",66,98,11,37.714285714285715,56.00000000000001,6.2857142857142865
m97,independence day,1996,6.6,"['action', 'adventure', 'sci-fi', 'thriller']",59,259,29,17.002881844380404,74.63976945244957,8.357348703170029
m98,indiana jones and the last crusade,1989,8.3,"['action', 'adventure', 'thriller', 'action', 'adventure', 'fantasy']",37,366,15,8.851674641148326,87.5598086124402,3.588516746411483
m99,indiana jones and the temple of doom,1984,7.5,"['action', 'adventure']",0,289,75,0.0,79.3956043956044,20.604395604395602
m100,innerspace,1987,6.5,"['action', 'adventure', 'comedy', 'crime', 'sci-fi']",6,1011,51,0.5617977528089888,94.66292134831461,4.775280898876404
m101,the insider,1999,8.0,"['biography', 'drama', 'thriller']",61,456,124,9.51638065522621,71.13884555382215,19.34477379095164
m102,intolerable cruelty,2003,6.4,"['comedy', 'romance', 'crime']",302,371,7,44.41176470588235,54.55882352941176,1.0294117647058822
m103,it happened one night,1934,8.3,"['comedy', 'romance']",285,514,63,33.06264501160093,59.62877030162414,7.308584686774942
m104,jfk,1991,8.0,"['biography', 'drama', 'history', 'mystery', 'thriller']",158,523,59,21.35135135135135,70.67567567567568,7.972972972972974
m105,jackie brown,1997,7.6,"['crime', 'drama', 'thriller']",440,770,4,36.24382207578254,63.426688632619445,0.3294892915980231
m106,jacob's ladder,1990,7.5,"['drama', 'mystery', 'thriller']",186,542,21,24.833110814419225,72.36315086782376,2.803738317757009
m107,jason x,2001,4.4,"['horror', 'sci-fi']",60,64,380,11.904761904761903,12.698412698412698,75.39682539682539
m108,jaws,1975,8.3,['thriller'],41,357,15,9.927360774818402,86.4406779661017,3.631961259079903
m109,juno,2007,7.9,"['comedy', 'drama']",429,221,23,63.74442793462109,32.838038632986624,3.4175334323922733
m110,kalifornia,1993,6.7,"['crime', 'drama', 'thriller']",146,157,24,44.64831804281346,48.01223241590214,7.339449541284404
m111,kids,1995,6.8,"['crime', 'drama']",202,297,33,37.96992481203007,55.82706766917293,6.203007518796992
m112,knight moves,1992,5.8,"['mystery', 'thriller']",194,460,61,27.132867132867133,64.33566433566433,8.531468531468532
m113,krull,1983,5.9,"['fantasy', 'action', 'adventure', 'sci-fi']",77,285,119,16.008316008316008,59.25155925155925,24.74012474012474
m114,léon,1994,8.6,"['crime', 'drama', 'thriller']",106,117,29,42.06349206349206,46.42857142857143,11.507936507936508
m115,labor of love,1998,4.5,[],98,243,18,27.298050139275766,67.68802228412257,5.013927576601671
m116,leaving las vegas,1995,7.6,"['drama', 'romance']",139,116,6,53.25670498084292,44.44444444444444,2.2988505747126435
m117,legally blonde,2001,6.2,['comedy'],344,137,37,66.40926640926641,26.44787644787645,7.142857142857142
m118,legend,1985,6.2,"['fantasy', 'adventure', 'romance']",147,573,57,18.91891891891892,73.74517374517374,7.335907335907336
m119,life as a house,2001,7.5,"['drama', 'romance']",259,551,0,31.97530864197531,68.0246913580247,0.0
m120,the life of david gale,2003,7.3,"['drama', 'crime', 'thriller']",37,559,59,5.648854961832061,85.34351145038168,9.007633587786259
m121,little nicky,2000,5.0,"['fantasy', 'comedy', 'romance', 'animation', 'comedy', 'fantasy', 'horror']",65,340,34,14.80637813211845,77.44874715261959,7.744874715261959
m122,logan's run,1976,6.7,"['action', 'sci-fi']",138,287,5,32.093023255813954,66.74418604651163,1.1627906976744187
m123,lost highway,1997,7.6,"['drama', 'horror', 'mystery', 'thriller']",129,316,45,26.3265306122449,64.48979591836735,9.183673469387756
m124,lost horizon,1937,7.8,"['adventure', 'drama', 'fantasy', 'mystery']",58,577,19,8.868501529051988,88.2262996941896,2.90519877675841
m125,men in black,1997,7.0,"['action', 'adventure', 'comedy', 'sci-fi']",201,179,26,49.50738916256158,44.08866995073892,6.403940886699508
m126,minority report,2002,7.7,"['action', 'crime', 'mystery', 'sci-fi', 'thriller', 'action', 'animation', 'drama', 'mystery', 'sci-fi', 'thriller']",107,541,35,15.666178623718888,79.20937042459737,5.124450951683748
m127,made,2001,6.4,"['comedy', 'crime', 'drama', 'thriller']",79,772,59,8.68131868131868,84.83516483516483,6.4835164835164845
m128,malcolm x,1992,7.7,"['biography', 'drama', 'history']",90,412,44,16.483516483516482,75.45787545787546,8.058608058608058
m129,man on fire,2004,7.7,"['action', 'crime', 'drama', 'thriller']",158,370,33,28.16399286987522,65.9536541889483,5.88235294117647
m130,marty,1955,7.7,"['drama', 'romance']",233,205,24,50.43290043290043,44.37229437229438,5.194805194805195
m131,mash,1970,7.8,"['comedy', 'war', 'drama']",0,483,150,0.0,76.30331753554502,23.696682464454977
m132,meet john doe,1941,7.7,"['comedy', 'drama', 'romance']",156,293,63,30.46875,57.2265625,12.3046875
m133,metro,1997,5.3,"['action', 'comedy', 'crime', 'drama', 'thriller']",103,338,76,19.922630560928432,65.37717601547389,14.70019342359768
m134,metropolis,1927,8.4,"['adventure', 'drama', 'sci-fi']",47,209,17,17.216117216117215,76.55677655677655,6.227106227106227
m135,mighty morphin power rangers,1994,8.2,"['action', 'family']",33,80,80,17.098445595854923,41.45077720207254,41.45077720207254
m136,mobsters,1991,5.5,"['crime', 'drama']",6,279,153,1.36986301369863,63.6986301369863,34.93150684931507
m137,monkeybone,2001,4.5,"['animation', 'comedy', 'fantasy', 'romance']",86,169,49,28.289473684210524,55.5921052631579,16.11842105263158
m138,my mother dreams the satan's disciples in new york,1998,6.7,['short'],113,0,9,92.62295081967213,0.0,7.377049180327869
m139,mr. smith goes to washington,1939,8.4,['drama'],105,806,31,11.146496815286625,85.56263269639066,3.290870488322718
m140,mr. deeds goes to town,1936,8.0,"['comedy', 'romance']",186,573,39,23.308270676691727,71.80451127819549,4.887218045112782
m141,mumford,1999,6.8,"['comedy', 'drama']",193,487,54,26.294277929155314,66.34877384196184,7.3569482288828345
m142,the mummy,1999,6.9,"['action', 'adventure', 'fantasy']",116,235,32,30.287206266318538,61.35770234986945,8.355091383812011
m143,mystery men,1999,5.9,"['action', 'comedy', 'fantasy']",85,283,61,19.813519813519815,65.96736596736596,14.219114219114218
m144,napoleon,1995,5.5,"['family', 'adventure']",67,334,142,12.338858195211786,61.51012891344383,26.151012891344383
m145,next friday,2000,5.4,['comedy'],33,368,72,6.976744186046512,77.80126849894292,15.221987315010571
m146,nick of time,1995,6.2,"['crime', 'drama', 'thriller']",73,237,68,19.31216931216931,62.698412698412696,17.989417989417987
m147,the night of the hunter,1955,8.2,"['drama', 'film-noir', 'thriller']",109,131,205,24.49438202247191,29.438202247191008,46.06741573033708
m148,a nightmare on elm street,1984,7.4,['horror'],160,76,27,60.836501901140686,28.89733840304182,10.26615969581749
m149,ninotchka,1939,7.9,"['comedy', 'romance']",440,548,27,43.34975369458128,53.99014778325123,2.6600985221674875
m150,nixon,1995,7.1,"['biography', 'drama']",95,802,54,9.989484752891693,84.3322818086225,5.678233438485805
m151,no country for old men,2007,8.3,"['crime', 'drama', 'mystery', 'thriller', 'western']",208,376,16,34.66666666666667,62.66666666666667,2.666666666666667
m152,nurse betty,2000,6.4,"['comedy', 'crime', 'romance', 'thriller']",382,512,12,42.16335540838852,56.5121412803532,1.3245033112582782
m153,"o brother, where art thou?",2000,7.8,"['comedy', 'adventure', 'crime', 'music']",21,244,51,6.645569620253164,77.21518987341773,16.139240506329113
m154,an officer and a gentleman,1982,6.8,"['drama', 'romance']",143,343,13,28.65731462925852,68.7374749498998,2.6052104208416833
m155,panic room,2002,6.9,['thriller'],154,181,9,44.76744186046512,52.616279069767444,2.616279069767442
m156,panther,1995,5.9,['drama'],30,308,9,8.645533141210375,88.76080691642652,2.5936599423631126
m157,the patriot,2000,6.9,"['action', 'drama', 'war']",187,154,41,48.952879581151834,40.31413612565445,10.732984293193718
m158,pet sematary,1989,6.3,"['drama', 'fantasy', 'horror', 'mystery', 'thriller']",90,215,5,29.03225806451613,69.35483870967742,1.6129032258064515
m159,pirates of the caribbean,2003,7.2,"['adventure', 'fantasy', 'horror']",83,309,80,17.584745762711865,65.46610169491525,16.94915254237288
m160,plastic man,1999,6.7,['drama'],184,162,127,38.90063424947146,34.24947145877378,26.849894291754755
m161,platinum blonde,1931,6.9,"['comedy', 'romance']",137,486,34,20.85235920852359,73.97260273972603,5.175038051750381
m162,pleasantville,1998,7.5,"['comedy', 'drama', 'fantasy']",205,458,3,30.78078078078078,68.76876876876878,0.45045045045045046
m163,punch-drunk love,2002,7.4,"['comedy', 'drama', 'romance']",236,456,73,30.84967320261438,59.6078431372549,9.542483660130719
m164,quills,2000,7.3,"['biography', 'drama', 'history', 'romance']",106,319,38,22.894168466522675,68.89848812095032,8.207343412526997
m165,rko 281,1999,7.1,"['biography', 'drama']",99,338,11,22.098214285714285,75.44642857142857,2.455357142857143
m166,raging bull,1980,8.4,"['biography', 'drama', 'sport']",90,326,34,20.0,72.44444444444444,7.555555555555555
m167,rear window,1954,8.7,"['crime', 'mystery', 'romance', 'thriller']",204,389,8,33.94342762063228,64.72545757071548,1.3311148086522462
m168,rebel without a cause,1955,7.9,"['drama', 'romance']",129,449,27,21.322314049586776,74.21487603305785,4.462809917355372
m169,reindeer games,2000,5.5,"['action', 'crime', 'drama', 'thriller']",129,437,48,21.009771986970684,71.17263843648209,7.81758957654723
m170,reservoir dogs,1992,8.4,"['crime', 'mystery', 'thriller']",0,453,12,0.0,97.41935483870968,2.5806451612903225
m171,roughshod,1949,6.9,"['action', 'drama', 'romance', 'western']",194,292,21,38.26429980276134,57.59368836291914,4.142011834319527
m172,scary movie 2,2001,4.7,['comedy'],164,287,19,34.8936170212766,61.06382978723405,4.042553191489362
m173,serial mom,1994,6.4,"['comedy', 'thriller']",197,122,11,59.696969696969695,36.96969696969697,3.3333333333333335
m174,the seventh victim,1943,6.9,"['drama', 'horror', 'thriller']",252,214,23,51.533742331288344,43.76278118609407,4.703476482617587
m175,"sex, lies, and videotape",1989,7.1,['drama'],477,393,8,54.32801822323462,44.760820045558084,0.9111617312072893
m176,shivers,1975,6.5,"['horror', 'sci-fi']",15,91,43,10.06711409395973,61.07382550335571,28.859060402684566
m177,shock treatment,1981,5.4,"['comedy', 'musical']",107,171,28,34.967320261437905,55.88235294117647,9.15032679738562
m178,sideways,2004,7.8,"['comedy', 'drama', 'romance']",168,649,6,20.413122721749698,78.85783718104496,0.7290400972053462
m179,signs,2002,6.9,"['drama', 'mystery', 'sci-fi', 'thriller']",71,189,4,26.89393939393939,71.5909090909091,1.5151515151515151
m180,silverado,1985,7.0,"['action', 'western']",70,293,52,16.867469879518072,70.60240963855422,12.530120481927712
m181,simone,2010,8.3,"['short', 'drama', 'horror', 'thriller']",210,342,47,35.058430717863104,57.095158597662774,7.846410684474124
m182,the sixth sense,1999,8.2,"['drama', 'mystery', 'thriller']",47,215,4,17.669172932330827,80.82706766917293,1.5037593984962405
m183,slash,2002,4.2,"['comedy', 'horror', 'thriller']",98,204,18,30.625000000000004,63.74999999999999,5.625
m184,slither,2006,6.6,"['comedy', 'horror', 'sci-fi']",74,117,4,37.94871794871795,60.0,2.051282051282051
m185,smokey and the bandit,1977,6.6,"['action', 'comedy', 'crime', 'romance']",85,300,18,21.09181141439206,74.44168734491315,4.466501240694789
m186,smokin' aces,2006,6.6,"['action', 'crime', 'drama', 'thriller']",59,242,53,16.666666666666664,68.36158192090396,14.971751412429379
m187,solaris,2002,6.2,"['drama', 'mystery', 'romance', 'sci-fi']",102,229,35,27.86885245901639,62.568306010928964,9.562841530054644
m188,someone to watch over me,1987,6.1,"['action', 'crime', 'drama', 'romance', 'thriller']",169,245,39,37.30684326710817,54.083885209713024,8.609271523178808
m189,spider-man,2002,7.4,"['action', 'adventure', 'fantasy', 'sci-fi', 'action', 'adventure', 'sci-fi', 'thriller']",134,224,53,32.60340632603406,54.50121654501216,12.895377128953772
m190,stalag 17,1953,8.2,"['drama', 'war']",12,429,111,2.1739130434782608,77.71739130434783,20.108695652173914
m191,star trek: generations,1994,6.5,"['action', 'mystery', 'sci-fi', 'thriller']",30,264,32,9.202453987730062,80.98159509202453,9.815950920245399
m192,star trek iii: the search for spock,1984,6.5,"['action', 'adventure', 'sci-fi', 'thriller']",72,301,61,16.589861751152075,69.35483870967742,14.055299539170507
m193,star trek: the wrath of khan,1982,7.8,"['action', 'adventure', 'sci-fi', 'thriller']",105,496,15,17.045454545454543,80.51948051948052,2.4350649350649354
m194,star trek iv: the voyage home,1986,7.3,"['adventure', 'comedy', 'sci-fi']",113,490,21,18.108974358974358,78.52564102564102,3.3653846153846154
m195,star trek: insurrection,1998,6.3,"['action', 'adventure', 'sci-fi', 'thriller']",60,337,78,12.631578947368421,70.94736842105263,16.42105263157895
m196,star trek: first contact,1996,7.6,"['action', 'adventure', 'sci-fi', 'thriller']",98,285,40,23.167848699763592,67.37588652482269,9.456264775413711
m197,star trek vi: the undiscovered country,1991,7.2,"['action', 'mystery', 'sci-fi', 'thriller']",41,411,64,7.945736434108527,79.65116279069767,12.4031007751938
m198,star trek: nemesis,2002,6.4,"['action', 'sci-fi', 'thriller']",42,469,62,7.329842931937172,81.84991273996509,10.820244328097731
m199,starman,1984,6.9,"['adventure', 'drama', 'romance', 'sci-fi']",218,362,45,34.88,57.92,7.199999999999999
m200,strange days,1995,7.1,"['action', 'crime', 'drama', 'fantasy', 'music', 'mystery', 'sci-fi', 'thriller']",183,342,4,34.593572778827976,64.65028355387523,0.7561436672967864
m201,suspect zero,2004,5.8,"['crime', 'horror', 'sci-fi', 'thriller']",111,390,77,19.20415224913495,67.47404844290658,13.321799307958477
m202,swingers,1996,7.6,"['comedy', 'drama']",172,617,28,21.052631578947366,75.5201958384333,3.4271725826193387
m203,the godfather,1972,9.2,"['crime', 'drama', 'thriller']",66,396,74,12.313432835820896,73.88059701492537,13.805970149253731
m204,the talented mr. ripley,1999,7.2,"['crime', 'drama', 'thriller']",147,509,35,21.273516642547033,73.66136034732273,5.065123010130246
m205,taxi driver,1976,8.6,"['drama', 'thriller']",145,325,35,28.71287128712871,64.35643564356435,6.9306930693069315
m206,the rock,1996,7.3,"['action', 'adventure', 'thriller']",6,69,0,8.0,92.0,0.0
m207,the majestic,2001,6.8,"['drama', 'romance']",88,435,30,15.913200723327305,78.6618444846293,5.424954792043399
m208,the birds,1963,7.9,"['horror', 'romance', 'thriller']",568,267,30,65.66473988439306,30.86705202312139,3.4682080924855487
m209,the body snatcher,1945,7.4,"['drama', 'horror', 'thriller']",58,282,0,17.058823529411764,82.94117647058825,0.0
m210,the crow: salvation,2000,4.7,"['action', 'crime', 'fantasy', 'mystery', 'thriller']",74,130,22,32.743362831858406,57.52212389380531,9.734513274336283
m211,the day the earth stood still,2008,5.5,"['drama', 'sci-fi', 'thriller']",85,295,4,22.135416666666664,76.82291666666666,1.0416666666666665
m212,the lost boys,1987,7.0,"['comedy', 'fantasy', 'horror', 'thriller']",110,342,0,24.336283185840706,75.66371681415929,0.0
m213,the thing,1982,8.2,"['horror', 'mystery', 'sci-fi', 'thriller']",0,288,63,0.0,82.05128205128204,17.94871794871795
m214,the time machine,2002,5.7,"['sci-fi', 'adventure', 'action']",116,414,49,20.03454231433506,71.50259067357513,8.46286701208981
m215,the jacket,2005,7.1,"['drama', 'fantasy', 'mystery', 'sci-fi', 'thriller']",171,284,20,36.0,59.78947368421053,4.2105263157894735
m216,thelma & louise,1991,7.3,"['crime', 'drama', 'thriller']",503,163,6,74.85119047619048,24.25595238095238,0.8928571428571428
m217,there's something about mary,1998,7.2,"['comedy', 'romance']",234,546,37,28.64137086903305,66.82986536107711,4.528763769889841
m218,thirteen days,2000,7.3,"['drama', 'history', 'thriller']",7,230,51,2.430555555555556,79.86111111111111,17.708333333333336
m219,thunderheart,1992,6.6,"['crime', 'mystery', 'thriller', 'western']",13,391,35,2.9612756264236904,89.06605922551253,7.972665148063782
m220,top gun,1986,6.5,"['action', 'drama', 'romance']",4,534,95,0.631911532385466,84.36018957345972,15.00789889415482
m221,total recall,1990,7.4,"['action', 'adventure', 'sci-fi', 'thriller']",87,341,41,18.550106609808104,72.70788912579957,8.742004264392325
m222,tremors,1990,7.1,"['action', 'comedy', 'horror', 'thriller']",52,302,10,14.285714285714285,82.96703296703298,2.7472527472527473
m223,true believer,1989,6.7,"['drama', 'crime']",40,358,50,8.928571428571429,79.91071428571429,11.160714285714286
m224,twin peaks: fire walk with me,1992,7.0,"['drama', 'horror', 'mystery', 'thriller']",242,343,10,40.67226890756302,57.647058823529406,1.680672268907563
m225,the verdict,1982,7.7,['drama'],103,555,53,14.486638537271448,78.05907172995781,7.454289732770746
m226,the war of the worlds,1953,7.1,"['action', 'horror', 'sci-fi', 'thriller']",46,82,59,24.598930481283425,43.85026737967914,31.550802139037433
m227,new nightmare,1994,6.3,"['fantasy', 'horror', 'mystery', 'thriller']",158,95,37,54.48275862068965,32.758620689655174,12.758620689655173
m228,white squall,1996,6.4,"['adventure', 'drama']",63,418,27,12.401574803149607,82.28346456692913,5.31496062992126
m229,wild at heart,1990,7.2,"['crime', 'romance', 'thriller']",598,195,27,72.92682926829268,23.78048780487805,3.2926829268292686
m230,wonder boys,2000,7.5,"['drama', 'comedy']",118,675,57,13.882352941176471,79.41176470588235,6.705882352941177
m231,the woodsman,2004,7.4,['drama'],163,519,6,23.691860465116278,75.43604651162791,0.872093023255814
m232,the abyss,1989,7.6,"['action', 'adventure', 'drama', 'sci-fi', 'thriller']",113,124,101,33.43195266272189,36.68639053254438,29.88165680473373
m233,l'avventura,1960,7.9,"['drama', 'mystery']",215,192,37,48.42342342342342,43.24324324324324,8.333333333333332
m234,agnes of god,1985,6.5,"['drama', 'mystery', 'thriller']",821,8,25,96.13583138173301,0.936768149882904,2.927400468384075
m235,a hard day's night,1964,7.6,"['comedy', 'music']",47,498,56,7.820299500831947,82.86189683860233,9.317803660565724
m236,alien,1979,8.5,"['adventure', 'horror', 'sci-fi', 'thriller']",0,515,122,0.0,80.84772370486655,19.15227629513344
m237,alien vs. predator,1993,7.8,"['action', 'adventure', 'sci-fi']",104,59,120,36.74911660777385,20.848056537102476,42.40282685512368
m238,all about eve,1950,8.5,['drama'],914,265,8,77.00084245998315,22.32518955349621,0.6739679865206403
m239,all the president's men,1976,8.0,"['drama', 'history', 'thriller']",62,527,68,9.43683409436834,80.2130898021309,10.350076103500761
m240,american pie,1999,6.9,"['comedy', 'romance']",162,437,36,25.511811023622048,68.81889763779527,5.669291338582677
m241,an american werewolf in paris,1997,4.9,"['horror', 'romance', 'thriller', 'comedy']",96,244,35,25.6,65.06666666666666,9.333333333333334
m242,anastasia,1997,6.6,"['animation', 'adventure', 'drama', 'family', 'musical', 'animation', 'family']",106,112,37,41.568627450980394,43.92156862745098,14.50980392156863
m243,annie hall,1977,8.3,"['comedy', 'drama', 'romance']",411,555,85,39.10561370123692,52.80685061845861,8.087535680304473
m244,the anniversary party,2001,6.2,"['drama', 'comedy']",472,389,0,54.81997677119629,45.18002322880372,0.0
m245,antz,1998,6.8,"['animation', 'adventure', 'comedy', 'family']",104,149,67,32.5,46.5625,20.9375
m246,the apartment,1960,8.4,"['romance', 'comedy', 'drama']",301,646,24,30.998970133882597,66.52935118434603,2.47167868177137
m247,apocalypse now,1979,8.6,"['drama', 'war']",23,518,53,3.872053872053872,87.20538720538721,8.922558922558922
m248,arctic blue,1993,4.8,"['action', 'thriller']",45,320,26,11.508951406649617,81.84143222506394,6.649616368286446
m249,as good as it gets,1997,7.8,"['comedy', 'drama', 'romance']",217,350,5,37.93706293706294,61.18881118881119,0.8741258741258742
m250,assassins,1995,6.0,"['action', 'thriller', 'crime']",190,355,52,31.825795644891127,59.463986599664985,8.710217755443885
m251,asylum,2005,6.1,"['drama', 'romance', 'thriller']",76,561,68,10.78014184397163,79.57446808510639,9.645390070921986
m252,a walk to remember,2002,7.1,"['drama', 'romance']",196,277,43,37.98449612403101,53.68217054263565,8.333333333333332
m253,back to the future,1985,8.4,"['adventure', 'family', 'sci-fi']",38,270,16,11.728395061728394,83.33333333333334,4.938271604938271
m254,badlands,1973,7.9,"['crime', 'drama', 'romance', 'thriller']",87,190,33,28.064516129032256,61.29032258064516,10.64516129032258
m255,the adventures of buckaroo banzai across the 8th dimension,1984,6.0,"['adventure', 'romance', 'comedy', 'sci-fi']",40,116,98,15.748031496062993,45.66929133858268,38.582677165354326
m256,barton fink,1991,7.8,"['drama', 'mystery', 'thriller']",45,423,42,8.823529411764707,82.94117647058825,8.235294117647058
m257,basic instinct,1992,6.9,"['mystery', 'romance', 'thriller']",181,321,70,31.643356643356647,56.11888111888111,12.237762237762238
m258,basquiat,1996,6.7,"['biography', 'drama']",47,315,52,11.352657004830919,76.08695652173914,12.560386473429952
m259,batman returns,1992,6.9,"['action', 'crime', 'fantasy', 'thriller', 'animation', 'crime', 'fantasy', 'action', 'thriller']",46,180,32,17.829457364341085,69.76744186046511,12.4031007751938
m260,batman and robin,1949,6.5,"['action', 'adventure', 'crime', 'drama', 'sci-fi']",123,165,49,36.49851632047478,48.96142433234421,14.540059347181009
m261,batman forever,1995,5.4,"['action', 'crime', 'fantasy', 'thriller']",0,284,54,0.0,84.02366863905326,15.976331360946746
m262,batman,1989,7.6,"['crime', 'drama', 'thriller', 'action', 'adventure', 'crime']",97,189,32,30.50314465408805,59.43396226415094,10.062893081761008
m263,bean,1997,5.8,"['comedy', 'family']",57,192,3,22.61904761904762,76.19047619047619,1.1904761904761905
m264,beavis and butt-head do america,1996,6.6,"['animation', 'adventure', 'comedy', 'crime']",16,253,23,5.47945205479452,86.64383561643835,7.876712328767123
m265,beetle juice,1988,7.3,"['comedy', 'fantasy']",285,235,4,54.38931297709924,44.847328244274806,0.7633587786259541
m266,being there,1979,8.0,"['drama', 'comedy']",206,493,48,27.57697456492637,65.99732262382865,6.425702811244979
m267,being john malkovich,1999,7.9,"['comedy', 'drama', 'fantasy', 'romance']",231,353,49,36.492890995260666,55.76619273301737,7.740916271721959
m268,beloved,1998,5.6,"['drama', 'mystery']",138,157,8,45.54455445544555,51.81518151815182,2.6402640264026402
m269,the big lebowski,1998,8.2,"['comedy', 'crime', 'mystery']",55,718,37,6.790123456790123,88.64197530864197,4.567901234567901
m270,the black dahlia,2006,5.6,"['crime', 'drama', 'history', 'mystery', 'thriller']",0,11,0,0.0,100.0,0.0
m271,blade ii,2002,6.6,"['action', 'fantasy', 'horror', 'thriller', 'action', 'adventure', 'horror']",46,118,45,22.00956937799043,56.45933014354066,21.5311004784689
m272,blade,1998,7.0,"['action', 'adventure', 'fantasy', 'horror', 'thriller']",94,163,18,34.18181818181818,59.27272727272728,6.545454545454546
m273,book of shadows: blair witch 2,2000,4.1,"['crime', 'horror', 'mystery', 'thriller']",285,294,16,47.89915966386555,49.411764705882355,2.689075630252101
m274,blood simple.,1984,7.8,"['crime', 'drama', 'thriller']",84,208,0,28.767123287671232,71.23287671232876,0.0
m275,bloodmoon,1997,4.5,"['action', 'thriller']",267,396,17,39.26470588235294,58.235294117647065,2.5
m276,blow,2001,7.4,"['biography', 'crime', 'drama']",106,546,39,15.340086830680175,79.01591895803183,5.643994211287988
m277,la battaglia di algeri,1966,8.2,"['drama', 'history', 'war']",0,88,44,0.0,66.66666666666666,33.33333333333333
m278,body of evidence,1993,4.1,"['drama', 'romance', 'thriller']",207,338,191,28.125,45.92391304347826,25.951086956521742
m279,the bridges of madison county,1995,7.2,"['drama', 'romance']",283,250,3,52.79850746268657,46.64179104477612,0.5597014925373134
m280,bones,2001,4.0,"['crime', 'horror']",56,254,83,14.249363867684478,64.63104325699746,21.119592875318066
m281,bound,1996,7.5,"['crime', 'drama', 'thriller']",360,207,12,62.17616580310881,35.751295336787564,2.072538860103627
m282,the bourne identity,2002,7.7,"['action', 'adventure', 'mystery', 'thriller']",98,247,66,23.844282238442823,60.09732360097324,16.05839416058394
m283,brazil,1985,8.0,"['drama', 'fantasy', 'sci-fi']",111,459,55,17.76,73.44000000000001,8.799999999999999
m284,bringing out the dead,1999,6.8,"['drama', 'thriller']",70,340,41,15.521064301552107,75.3880266075388,9.090909090909092
m285,broadcast news,1987,7.1,"['comedy', 'drama', 'romance']",246,469,8,34.024896265560166,64.8686030428769,1.1065006915629323
m286,a bucket of blood,1959,6.8,"['comedy', 'horror']",141,286,37,30.387931034482758,61.63793103448276,7.974137931034483
m287,buffy the vampire slayer,1992,5.3,"['horror', 'comedy', 'action']",372,257,26,56.79389312977099,39.23664122137404,3.969465648854962
m288,bull durham,1988,7.0,"['comedy', 'romance', 'sport']",179,339,10,33.90151515151515,64.20454545454545,1.893939393939394
m289,casino,1995,8.1,"['biography', 'crime', 'drama']",313,1092,125,20.45751633986928,71.37254901960785,8.169934640522875
m290,catwoman,2004,3.2,"['action', 'crime', 'fantasy']",103,121,128,29.261363636363637,34.375,36.36363636363637
m291,cellular,2004,6.5,"['action', 'crime', 'thriller']",226,431,56,31.697054698457222,60.44880785413744,7.854137447405329
m292,the crying game,1992,7.3,"['drama', 'thriller']",62,833,16,6.805708013172337,91.43798024149287,1.756311745334797
m293,charade,1963,8.0,"['comedy', 'mystery', 'romance', 'thriller']",23,787,59,2.6467203682393556,90.5638665132336,6.789413118527042
m294,cherry falls,2000,4.8,"['horror', 'mystery', 'thriller']",253,184,31,54.059829059829056,39.31623931623932,6.623931623931624
m295,chill factor,1999,4.9,"['action', 'adventure', 'comedy', 'thriller']",0,720,69,0.0,91.25475285171103,8.745247148288973
m296,chinatown,1974,8.5,"['crime', 'drama', 'mystery', 'thriller']",172,632,59,19.930475086906142,73.23290845886443,6.836616454229433
m297,nuovo cinema paradiso,1988,8.5,"['comedy', 'drama', 'romance']",32,134,5,18.71345029239766,78.3625730994152,2.923976608187134
m298,citizen kane,1941,8.6,"['drama', 'mystery']",344,284,45,51.114413075780085,42.199108469539375,6.686478454680535
m299,clerks.,1994,8.0,['comedy'],215,993,78,16.71850699844479,77.21617418351478,6.065318818040436
m300,cliffhanger,1993,6.2,"['action', 'adventure', 'thriller']",123,342,4,26.226012793176974,72.92110874200426,0.8528784648187633
m301,a clockwork orange,1971,8.5,"['crime', 'drama', 'sci-fi']",26,301,117,5.8558558558558556,67.7927927927928,26.351351351351347
m302,collateral,2004,7.8,"['crime', 'drama', 'thriller']",76,470,32,13.148788927335639,81.31487889273356,5.536332179930796
m303,conspiracy theory,1997,6.5,"['action', 'crime', 'mystery', 'romance', 'thriller']",218,280,18,42.248062015503876,54.263565891472865,3.488372093023256
m304,contact,1997,7.4,"['drama', 'mystery', 'sci-fi', 'thriller']",252,233,57,46.494464944649444,42.988929889298895,10.516605166051662
m305,cool hand luke,1967,8.3,"['crime', 'drama']",17,216,80,5.431309904153355,69.00958466453673,25.559105431309902
m306,copycat,1995,6.5,"['crime', 'mystery', 'thriller']",340,200,18,60.93189964157706,35.842293906810035,3.225806451612903
m307,crash,2004,8.0,"['crime', 'drama']",64,80,0,44.44444444444444,55.55555555555556,0.0
m308,crazy love,2007,7.0,['documentary'],363,209,18,61.52542372881356,35.42372881355932,3.050847457627119
m309,crime spree,2003,6.4,"['action', 'comedy', 'crime']",38,388,195,6.119162640901772,62.47987117552335,31.40096618357488
m310,"crouching tiger, hidden dragon",2003,8.0,['action'],187,116,27,56.666666666666664,35.15151515151515,8.181818181818182
m311,the crow,1994,7.6,"['action', 'crime', 'fantasy', 'thriller']",43,146,60,17.269076305220885,58.63453815261044,24.096385542168676
m312,cruel intentions,1999,6.7,"['drama', 'romance', 'thriller']",436,363,9,53.960396039603964,44.92574257425743,1.1138613861386137
m313,the curse of the cat people,1944,6.9,"['drama', 'fantasy', 'horror']",325,119,0,73.1981981981982,26.8018018018018,0.0
m314,the curse,1987,4.5,"['sci-fi', 'horror']",429,253,6,62.354651162790695,36.77325581395349,0.872093023255814
m315,dark city,1998,7.8,"['mystery', 'sci-fi', 'thriller']",16,118,83,7.373271889400922,54.377880184331794,38.24884792626728
m316,dave,1993,6.8,"['comedy', 'romance']",73,424,6,14.512922465208748,84.29423459244532,1.1928429423459244
m317,day of the dead,1985,7.0,"['horror', 'sci-fi']",62,129,16,29.951690821256037,62.31884057971014,7.729468599033816
m318,dead poets society,1989,7.8,['drama'],12,444,35,2.4439918533604885,90.4276985743381,7.128309572301425
m319,deep rising,1998,5.7,"['action', 'horror', 'sci-fi', 'thriller']",49,200,13,18.702290076335878,76.33587786259542,4.961832061068702
m320,the deer hunter,1978,8.2,"['drama', 'war']",41,469,19,7.750472589792061,88.65784499054821,3.5916824196597354
m321,demolition man,1993,6.3,"['action', 'crime', 'sci-fi']",13,270,20,4.29042904290429,89.10891089108911,6.6006600660066
m322,the devil and daniel webster,2004,5.7,"['comedy', 'drama', 'fantasy']",109,400,16,20.761904761904763,76.19047619047619,3.0476190476190474
m323,die hard,1988,8.3,"['action', 'crime', 'thriller']",24,222,13,9.266409266409266,85.71428571428571,5.019305019305019
m324,dog day afternoon,1975,8.2,"['crime', 'drama']",65,543,15,10.43338683788122,87.1589085072231,2.4077046548956664
m325,domino,2005,5.9,"['action', 'crime', 'drama', 'thriller']",116,75,51,47.93388429752066,30.991735537190085,21.074380165289256
m326,do the right thing,1989,7.9,['drama'],72,324,120,13.953488372093023,62.7906976744186,23.25581395348837
m327,dumb and dumberer: when harry met lloyd,2003,3.3,['comedy'],153,491,21,23.007518796992482,73.8345864661654,3.1578947368421053
m328,dune,1984,6.5,"['action', 'adventure', 'sci-fi']",48,106,54,23.076923076923077,50.96153846153846,25.961538461538463
m329,ed wood,1994,8.1,"['biography', 'comedy', 'drama']",149,542,81,19.300518134715023,70.20725388601036,10.492227979274611
m330,edtv,1999,6.1,['comedy'],187,425,14,29.87220447284345,67.89137380191693,2.2364217252396164
m331,election,1999,7.4,"['comedy', 'drama']",149,223,6,39.41798941798942,58.994708994709,1.5873015873015872
m332,l.a. confidential,1997,8.4,"['crime', 'drama', 'mystery', 'thriller']",77,521,59,11.71993911719939,79.29984779299848,8.980213089802131
m333,enemy of the state,1998,7.2,"['action', 'drama', 'thriller']",64,599,79,8.62533692722372,80.7277628032345,10.646900269541778
m334,the english patient,1996,7.3,"['romance', 'drama', 'war']",235,413,30,34.660766961651916,60.91445427728613,4.424778761061947
m335,entrapment,1999,6.1,"['action', 'crime', 'romance', 'thriller']",239,334,0,41.710296684118674,58.289703315881326,0.0
m336,erin brockovich,2000,7.2,"['biography', 'drama', 'romance']",442,269,22,60.30013642564802,36.69849931787176,3.0013642564802185
m337,star wars: the empire strikes back,1982,8.0,"['animation', 'adventure', 'action', 'fantasy']",159,323,81,28.24156305506217,57.37122557726465,14.387211367673181
m338,escape from the planet of the apes,1971,6.1,"['sci-fi', 'thriller']",10,40,0,20.0,80.0,0.0
m339,escape from l.a.,1996,5.3,"['action', 'adventure', 'sci-fi', 'thriller']",7,172,70,2.8112449799196786,69.07630522088354,28.11244979919679
m340,excalibur,1981,7.4,"['adventure', 'drama', 'fantasy']",44,190,32,16.541353383458645,71.42857142857143,12.030075187969924
m341,the exorcist,1973,8.1,"['horror', 'thriller']",72,457,82,11.783960720130933,74.79541734860884,13.420621931260229
m342,the fabulous baker boys,1989,6.7,"['drama', 'music', 'romance']",261,779,11,24.83349191246432,74.11988582302568,1.0466222645099905
m343,face/off,1997,7.3,"['action', 'crime', 'drama', 'sci-fi', 'thriller']",93,230,24,26.801152737752158,66.28242074927954,6.9164265129683
m344,the family man,2000,6.6,"['comedy', 'fantasy', 'drama', 'romance']",190,398,24,31.045751633986928,65.0326797385621,3.9215686274509802
m345,the fantastic four,1994,3.8,"['action', 'adventure', 'sci-fi', 'fantasy']",108,326,16,24.0,72.44444444444444,3.5555555555555554
m346,fantastic voyage,1966,6.8,"['adventure', 'sci-fi']",43,349,10,10.696517412935323,86.81592039800995,2.4875621890547266
m347,fargo,1996,8.3,"['crime', 'drama', 'thriller']",210,457,41,29.66101694915254,64.54802259887006,5.790960451977401
m348,fight club,1999,8.8,"['crime', 'drama', 'mystery', 'thriller']",108,620,42,14.025974025974024,80.51948051948052,5.454545454545454
m349,final destination 2,2003,6.4,"['horror', 'thriller']",145,106,4,56.86274509803921,41.568627450980394,1.5686274509803921
m350,final destination,2000,6.8,"['horror', 'thriller']",40,95,4,28.776978417266186,68.34532374100719,2.877697841726619
m351,rambo: first blood part ii,1985,5.8,"['action', 'adventure', 'thriller']",25,204,52,8.896797153024911,72.59786476868328,18.505338078291814
m352,the fisher king,1991,7.5,"['comedy', 'drama', 'romance']",158,302,14,33.33333333333333,63.71308016877637,2.9535864978902953
m353,five easy pieces,1970,7.5,['drama'],224,246,38,44.09448818897638,48.4251968503937,7.480314960629922
m354,five feet high and rising,2000,6.5,['short'],63,105,5,36.41618497109826,60.69364161849711,2.8901734104046244
m355,fletch,1985,6.7,"['comedy', 'crime', 'mystery']",136,540,43,18.915159944367176,75.10431154381085,5.980528511821975
m356,the adventures of ford fairlane,1990,5.6,"['action', 'adventure', 'comedy', 'music']",115,282,19,27.64423076923077,67.78846153846155,4.567307692307692
m357,the french connection,1971,7.9,"['action', 'crime', 'thriller']",21,156,106,7.420494699646643,55.12367491166078,37.455830388692576
m358,frequency,2000,7.3,"['crime', 'drama', 'sci-fi', 'thriller']",40,465,8,7.797270955165692,90.64327485380117,1.5594541910331383
m359,friday the 13th part iii,1982,5.1,['horror'],90,104,0,46.391752577319586,53.608247422680414,0.0
m360,jason lives: friday the 13th part vi,1986,5.3,"['comedy', 'horror', 'thriller']",89,99,6,45.876288659793815,51.03092783505154,3.0927835051546393
m361,jason goes to hell: the final friday,1993,4.1,"['horror', 'thriller']",53,115,0,31.547619047619047,68.45238095238095,0.0
m362,friday the 13th part viii: jason takes manhattan,1989,3.9,['horror'],125,94,9,54.824561403508774,41.228070175438596,3.9473684210526314
m363,game 6,2005,6.0,"['comedy', 'drama', 'sport']",148,412,7,26.102292768959433,72.66313932980599,1.2345679012345678
m364,gandhi,1982,8.2,"['biography', 'drama', 'history']",5,48,163,2.314814814814815,22.22222222222222,75.46296296296296
m365,gattaca,1997,7.8,"['drama', 'romance', 'sci-fi', 'thriller']",55,261,63,14.511873350923482,68.86543535620054,16.62269129287599
m366,the getaway,1972,7.5,"['action', 'adventure', 'crime', 'thriller']",140,260,10,34.146341463414636,63.41463414634146,2.4390243902439024
m367,get carter,2000,4.8,"['action', 'crime', 'drama', 'thriller']",108,327,35,22.97872340425532,69.57446808510637,7.446808510638298
m368,glengarry glen ross,1992,7.9,['drama'],0,929,0,0.0,100.0,0.0
m369,the godfather: part ii,1974,9.0,"['crime', 'drama', 'thriller']",92,493,85,13.73134328358209,73.5820895522388,12.686567164179104
m370,gods and monsters,1998,7.5,"['biography', 'drama']",128,549,24,18.25962910128388,78.3166904422254,3.4236804564907275
m371,gone in sixty seconds,2000,6.0,"['action', 'crime', 'thriller']",57,432,162,8.755760368663594,66.3594470046083,24.88479262672811
m372,goodfellas,1990,8.8,"['crime', 'drama', 'thriller']",78,192,23,26.621160409556317,65.52901023890784,7.849829351535837
m373,good will hunting,1997,8.1,['drama'],154,698,27,17.51990898748578,79.40841865756542,3.0716723549488054
m374,the grapes of wrath,1940,8.3,['drama'],170,338,94,28.23920265780731,56.14617940199336,15.614617940199334
m375,grosse pointe blank,1997,7.4,"['comedy', 'crime', 'romance', 'thriller']",110,309,16,25.287356321839084,71.03448275862068,3.67816091954023
m376,the horse whisperer,1998,6.4,"['drama', 'romance', 'western']",320,156,11,65.70841889117042,32.03285420944558,2.2587268993839835
m377,hackers,1995,5.8,"['action', 'crime', 'drama', 'thriller']",100,201,119,23.809523809523807,47.85714285714286,28.333333333333332
m378,halloween 4: the return of michael myers,1988,5.6,"['horror', 'thriller']",144,176,25,41.73913043478261,51.01449275362319,7.246376811594203
m379,halloween,1978,7.9,"['horror', 'thriller']",221,98,0,69.27899686520375,30.721003134796238,0.0
m380,hannah and her sisters,1986,7.9,"['comedy', 'drama', 'romance']",482,592,6,44.62962962962963,54.81481481481482,0.5555555555555556
m381,hannibal,2001,6.4,"['crime', 'thriller']",224,297,146,33.5832083958021,44.527736131934034,21.88905547226387
m382,happy campers,2001,5.4,['comedy'],81,98,37,37.5,45.370370370370374,17.12962962962963
m383,heathers,1989,7.3,"['comedy', 'crime']",172,117,60,49.28366762177651,33.5243553008596,17.191977077363894
m384,heavenly creatures,1994,7.6,"['crime', 'drama', 'fantasy', 'thriller']",186,21,0,89.85507246376811,10.144927536231885,0.0
m385,hellraiser: hellseeker,2002,4.9,"['horror', 'mystery', 'thriller']",93,182,21,31.41891891891892,61.48648648648649,7.094594594594595
m386,hero,1992,6.3,"['comedy', 'drama']",116,247,25,29.896907216494846,63.65979381443299,6.443298969072164
m387,hider in the house,1989,5.6,['thriller'],137,162,80,36.147757255936675,42.74406332453825,21.108179419525065
m388,highlander iii: the sorcerer,1994,3.9,"['fantasy', 'sci-fi', 'action']",108,208,101,25.899280575539567,49.88009592326139,24.22062350119904
m389,hostage,2005,6.6,"['action', 'crime', 'drama', 'thriller']",50,416,69,9.345794392523365,77.75700934579439,12.897196261682243
m390,hotel rwanda,2004,8.3,"['adventure', 'drama', 'history', 'thriller', 'war']",81,408,40,15.311909262759924,77.12665406427222,7.561436672967864
m391,house on haunted hill,1999,5.3,"['horror', 'mystery', 'thriller']",161,300,15,33.82352941176471,63.02521008403361,3.1512605042016806
m392,house of the damned,1996,4.3,"['action', 'horror', 'thriller']",190,142,0,57.22891566265061,42.77108433734939,0.0
m393,hellraiser iii: hell on earth,1992,5.1,['horror'],87,146,10,35.80246913580247,60.08230452674898,4.11522633744856
m394,hudson hawk,1991,5.4,"['action', 'adventure', 'comedy', 'action', 'adventure', 'comedy', 'crime']",85,270,27,22.25130890052356,70.68062827225131,7.068062827225131
m395,the hudsucker proxy,1994,7.4,"['comedy', 'drama', 'fantasy', 'romance']",114,232,78,26.88679245283019,54.71698113207547,18.39622641509434
m396,i walked with a zombie,1943,7.3,['horror'],161,110,26,54.20875420875421,37.03703703703704,8.754208754208754
m397,the ice storm,1997,7.5,['drama'],253,301,16,44.3859649122807,52.807017543859644,2.807017543859649
m398,insomnia,2002,7.3,"['crime', 'drama', 'mystery', 'thriller']",53,220,11,18.661971830985916,77.46478873239437,3.873239436619718
m399,interview with the vampire: the vampire chronicles,1994,7.4,"['drama', 'fantasy']",90,387,0,18.867924528301888,81.13207547169812,0.0
m400,i still know what you did last summer,1998,4.1,"['horror', 'mystery', 'thriller']",204,159,0,56.19834710743802,43.80165289256198,0.0
m401,isle of the dead,1945,6.6,"['drama', 'horror', 'mystery', 'thriller']",101,165,16,35.815602836879435,58.51063829787234,5.673758865248227
m402,it's a wonderful life,1946,8.7,"['drama', 'fantasy', 'romance']",156,430,53,24.413145539906104,67.2926447574335,8.294209702660407
m403,jaws 2,1978,5.6,['thriller'],158,483,11,24.233128834355828,74.079754601227,1.687116564417178
m404,jaws 3-d,1983,3.3,['thriller'],212,327,8,38.75685557586837,59.78062157221207,1.4625228519195612
m405,jaws: the revenge,1987,2.6,['thriller'],234,396,0,37.142857142857146,62.857142857142854,0.0
m406,the jazz singer,1927,6.8,"['drama', 'music', 'romance']",6,7,0,46.15384615384615,53.84615384615385,0.0
m407,jennifer eight,1992,6.2,"['thriller', 'mystery']",102,352,20,21.518987341772153,74.26160337552743,4.219409282700422
m408,jerry maguire,1996,7.3,"['comedy', 'drama', 'romance', 'sport']",169,352,12,31.70731707317073,66.04127579737336,2.25140712945591
m409,jurassic park iii,2001,5.7,"['action', 'adventure', 'sci-fi', 'thriller']",74,212,0,25.874125874125873,74.12587412587412,0.0
m410,the lost world: jurassic park,1997,6.0,"['action', 'adventure', 'sci-fi', 'thriller', 'action', 'adventure', 'animation', 'horror', 'sci-fi', 'thriller']",62,235,10,20.195439739413683,76.54723127035831,3.257328990228013
m411,jurassic park,1993,7.9,"['action', 'adventure', 'family', 'sci-fi', 'action', 'adventure', 'fantasy', 'sci-fi']",104,392,41,19.366852886405958,72.99813780260708,7.635009310986965
m412,freddy vs. jason,2003,5.8,"['horror', 'thriller']",163,22,34,74.42922374429224,10.045662100456621,15.52511415525114
m413,kafka,1991,6.9,"['comedy', 'drama', 'mystery', 'sci-fi', 'thriller']",68,270,45,17.75456919060052,70.49608355091384,11.74934725848564
m414,king kong,2005,7.6,"['adventure', 'drama', 'romance']",38,89,16,26.573426573426573,62.23776223776224,11.188811188811188
m415,klute,1971,7.2,"['mystery', 'romance', 'thriller']",169,267,26,36.58008658008658,57.7922077922078,5.627705627705628
m416,kramer vs. kramer,1979,7.7,['drama'],120,411,60,20.304568527918782,69.54314720812182,10.152284263959391
m417,kundun,1997,7.1,"['biography', 'drama', 'history', 'war']",24,212,86,7.453416149068323,65.83850931677019,26.70807453416149
m418,lake placid,1999,5.4,"['action', 'comedy', 'horror', 'thriller']",196,361,35,33.108108108108105,60.979729729729726,5.912162162162162
m419,the silence of the lambs,1991,8.7,"['crime', 'thriller']",231,188,30,51.44766146993318,41.87082405345212,6.6815144766147
m420,last of the mohicans,1977,7.3,"['action', 'adventure', 'war']",56,211,54,17.445482866043612,65.73208722741433,16.822429906542055
m421,leviathan,1989,5.3,"['adventure', 'horror', 'mystery', 'sci-fi', 'thriller']",0,321,12,0.0,96.3963963963964,3.6036036036036037
m422,"lock, stock and two smoking barrels",1998,8.2,"['crime', 'thriller']",0,249,163,0.0,60.43689320388349,39.56310679611651
m423,lone star,1996,7.6,"['drama', 'mystery', 'romance', 'western']",243,611,30,27.48868778280543,69.11764705882352,3.3936651583710407
m424,lord of illusions,1995,5.6,"['fantasy', 'horror', 'mystery', 'thriller']",94,386,58,17.472118959107807,71.74721189591078,10.780669144981413
m425,lost in translation,2003,7.9,"['drama', 'romance']",162,159,7,49.390243902439025,48.47560975609756,2.1341463414634148
m426,lost souls,2000,4.6,"['drama', 'horror', 'thriller', 'romance']",158,216,53,37.00234192037471,50.585480093676814,12.412177985948478
m427,love & basketball,2000,6.7,"['drama', 'romance', 'sport']",397,301,8,56.23229461756374,42.63456090651558,1.13314447592068
m428,magnolia,1999,8.0,['drama'],327,711,76,29.353680430879713,63.824057450628366,6.822262118491921
m429,the man in the iron mask,1998,6.1,"['action', 'adventure', 'drama', 'history']",34,425,10,7.249466950959488,90.6183368869936,2.1321961620469083
m430,manhunt,2003,8.7,"['action', 'adventure', 'crime', 'horror', 'thriller']",30,185,68,10.60070671378092,65.37102473498233,24.02826855123675
m431,manhunter,1986,7.2,"['crime', 'thriller']",86,545,43,12.759643916913946,80.86053412462908,6.379821958456973
m432,man on the moon,1999,7.4,"['biography', 'comedy', 'drama']",37,287,31,10.422535211267606,80.84507042253522,8.732394366197182
m433,the matrix,1999,8.7,"['action', 'adventure', 'adventure', 'adventure', 'sci-fi']",109,347,34,22.244897959183675,70.81632653061224,6.938775510204081
m434,halloween iii: season of the witch,1982,3.8,"['horror', 'mystery', 'sci-fi']",39,394,14,8.724832214765101,88.14317673378076,3.131991051454139
m435,meet joe black,1998,6.9,"['drama', 'fantasy', 'mystery', 'romance']",269,821,4,24.588665447897622,75.0457038391225,0.3656307129798903
m436,memento,2000,8.7,"['crime', 'drama', 'mystery', 'thriller']",88,316,5,21.515892420537895,77.26161369193154,1.2224938875305624
m437,miami vice,2006,6.0,"['action', 'crime', 'drama', 'thriller']",104,300,63,22.269807280513916,64.23982869379014,13.49036402569593
m438,midnight cowboy,1969,8.0,['drama'],20,202,29,7.968127490039841,80.47808764940238,11.553784860557768
m439,midnight express,1978,7.6,"['biography', 'crime', 'drama', 'thriller']",34,214,15,12.927756653992395,81.36882129277566,5.7034220532319395
m440,mimic,1997,5.7,"['drama', 'horror', 'sci-fi']",86,157,0,35.390946502057616,64.60905349794238,0.0
m441,misery,1990,7.8,['thriller'],199,197,0,50.252525252525245,49.74747474747475,0.0
m442,mission: impossible ii,2000,5.7,"['action', 'adventure', 'thriller']",104,312,40,22.807017543859647,68.42105263157895,8.771929824561402
m443,mission: impossible,1996,6.9,"['action', 'adventure', 'thriller']",64,356,19,14.578587699316628,81.09339407744875,4.328018223234624
m444,moonstruck,1987,7.1,"['comedy', 'romance', 'drama']",334,320,17,49.77645305514158,47.69001490312966,2.533532041728763
m445,monty python and the holy grail,1975,8.4,"['adventure', 'comedy']",14,286,205,2.7722772277227725,56.63366336633663,40.5940594059406
m446,mrs brown,1997,7.2,"['biography', 'drama', 'history', 'romance']",133,328,23,27.479338842975203,67.76859504132231,4.75206611570248
m447,arcade,1993,4.6,['sci-fi'],12,238,27,4.332129963898916,85.92057761732852,9.747292418772563
m448,mulholland dr.,2001,8.0,"['drama', 'mystery', 'thriller']",187,116,46,53.581661891117484,33.2378223495702,13.18051575931232
m449,murderland,2009,5.8,"['crime', 'drama', 'mystery']",109,366,9,22.520661157024794,75.6198347107438,1.859504132231405
m450,my girl 2,1994,4.8,"['comedy', 'drama', 'family', 'romance']",346,301,0,53.47758887171561,46.52241112828439,0.0
m451,my girl,1991,6.4,"['comedy', 'drama', 'family', 'romance']",357,276,17,54.92307692307692,42.46153846153846,2.6153846153846154
m452,my best friend's wedding,1997,6.2,"['comedy', 'romance']",303,194,0,60.96579476861167,39.03420523138833,0.0
m453,nashville,1975,7.7,"['drama', 'music']",178,289,62,33.64839319470699,54.63137996219282,11.720226843100189
m454,natural born killers,1994,7.1,"['action', 'crime', 'drama', 'romance', 'thriller']",27,320,65,6.553398058252427,77.66990291262135,15.776699029126215
m455,nothing but a man,1964,7.8,"['drama', 'romance']",132,387,38,23.6983842010772,69.47935368043088,6.822262118491921
m456,the negotiator,1998,7.2,"['action', 'crime', 'drama', 'mystery', 'thriller']",0,29,0,0.0,100.0,0.0
m457,neuromancer,1988,9.3,"['action', 'adventure', 'animation', 'sci-fi']",129,187,110,30.28169014084507,43.89671361502347,25.821596244131456
m458,never been kissed,1999,5.7,"['comedy', 'drama', 'romance']",299,152,14,64.30107526881721,32.68817204301075,3.010752688172043
m459,the nightmare before christmas,1993,8.0,"['animation', 'family', 'fantasy', 'musical']",20,14,45,25.31645569620253,17.72151898734177,56.9620253164557
m460,a nightmare on elm street part 2: freddy's revenge,1985,4.9,"['fantasy', 'horror', 'thriller']",93,152,0,37.95918367346939,62.04081632653061,0.0
m461,a nightmare on elm street 3: dream warriors,1987,6.3,"['fantasy', 'horror', 'thriller']",179,151,9,52.8023598820059,44.54277286135693,2.6548672566371683
m462,notting hill,1999,6.9,"['comedy', 'romance']",215,416,25,32.77439024390244,63.41463414634146,3.8109756097560976
m463,one flew over the cuckoo's nest,1975,8.9,['drama'],142,468,92,20.22792022792023,66.66666666666666,13.105413105413104
m464,only you,1994,6.2,"['comedy', 'romance']",490,187,25,69.8005698005698,26.638176638176635,3.561253561253561
m465,on the waterfront,1954,8.4,"['crime', 'drama', 'romance']",135,456,31,21.70418006430868,73.31189710610933,4.983922829581994
m466,orgy of the dead,1965,2.5,"['fantasy', 'horror']",67,44,72,36.6120218579235,24.043715846994534,39.34426229508197
m467,out of sight,1998,7.2,"['comedy', 'crime', 'romance', 'thriller']",304,670,18,30.64516129032258,67.54032258064517,1.8145161290322582
m468,pearl harbor,2001,5.4,"['action', 'drama', 'romance', 'war']",75,226,31,22.590361445783135,68.07228915662651,9.33734939759036
m469,peggy sue got married,1986,6.3,"['comedy', 'drama', 'fantasy', 'romance']",448,266,0,62.745098039215684,37.254901960784316,0.0
m470,pet sematary ii,1992,4.2,"['action', 'horror', 'thriller']",17,120,4,12.056737588652481,85.1063829787234,2.8368794326241136
m471,philadelphia,1993,7.6,['drama'],72,426,48,13.186813186813188,78.02197802197803,8.791208791208792
m472,pitch black,2000,7.0,"['action', 'sci-fi', 'thriller']",192,245,5,43.43891402714932,55.42986425339367,1.1312217194570136
m473,planet of the apes,2001,5.5,"['action', 'adventure', 'sci-fi', 'thriller', 'animation', 'action', 'adventure', 'sci-fi']",211,188,12,51.338199513382,45.742092457420924,2.9197080291970803
m474,platoon,1986,8.2,"['action', 'drama', 'war']",8,175,45,3.508771929824561,76.75438596491229,19.736842105263158
m475,playback,1996,3.6,['thriller'],254,361,233,29.952830188679247,42.57075471698113,27.47641509433962
m476,the ploughman's lunch,1983,6.8,['drama'],86,253,0,25.368731563421832,74.63126843657817,0.0
m477,point break,1991,6.9,"['action', 'adventure', 'crime', 'drama', 'sport', 'thriller']",4,269,22,1.3559322033898304,91.18644067796609,7.457627118644068
m478,predator,1987,7.8,"['action', 'adventure', 'sci-fi', 'thriller']",0,105,0,0.0,100.0,0.0
m479,pretty woman,1990,6.7,"['comedy', 'romance']",289,332,13,45.58359621451104,52.36593059936908,2.050473186119874
m480,the princess bride,1987,8.1,"['adventure', 'comedy', 'family', 'fantasy', 'romance']",66,355,79,13.200000000000001,71.0,15.8
m481,the producers,1968,7.7,['comedy'],7,313,56,1.8617021276595744,83.24468085106383,14.893617021276595
m482,psycho,1960,8.7,"['drama', 'horror', 'mystery', 'thriller', 'thriller']",207,328,43,35.813148788927336,56.747404844290664,7.439446366782007
m483,maniac,1980,6.2,"['drama', 'horror', 'thriller']",23,77,16,19.82758620689655,66.37931034482759,13.793103448275861
m484,vampyr,1932,7.6,"['fantasy', 'horror']",5,17,10,15.625,53.125,31.25
m485,mystery of the wax museum,1933,6.8,"['horror', 'mystery', 'thriller']",173,165,15,49.008498583569406,46.742209631728045,4.2492917847025495
m486,quantum project,2000,4.8,"['short', 'adventure', 'drama', 'romance']",20,34,0,37.03703703703704,62.96296296296296,0.0
m487,rambling rose,1991,6.6,['drama'],366,437,14,44.798041615667074,53.48837209302325,1.7135862913096693
m488,red white black & blue,2006,6.3,['documentary'],91,107,196,23.096446700507613,27.157360406091367,49.746192893401016
m489,star wars: episode vi - return of the jedi,1983,8.3,"['action', 'adventure', 'fantasy', 'sci-fi']",57,159,45,21.839080459770116,60.91954022988506,17.24137931034483
m490,the rocky horror picture show,1975,7.1,"['comedy', 'musical']",54,94,41,28.57142857142857,49.735449735449734,21.693121693121693
m491,rocky,1976,8.1,"['drama', 'romance', 'sport']",14,562,86,2.1148036253776437,84.89425981873111,12.990936555891238
m492,who framed roger rabbit,1988,7.6,"['animation', 'comedy', 'crime', 'family', 'fantasy', 'mystery', 'animation', 'adventure', 'action', 'fantasy']",53,276,28,14.84593837535014,77.31092436974791,7.8431372549019605
m493,romeo and juliet,1968,7.8,"['drama', 'romance']",92,166,48,30.065359477124183,54.248366013071895,15.686274509803921
m494,ronin,1998,7.2,"['action', 'crime', 'thriller']",69,437,48,12.454873646209386,78.88086642599278,8.664259927797833
m495,route 9,1998,6.0,"['crime', 'drama']",73,517,16,12.046204620462046,85.31353135313532,2.6402640264026402
m496,rush hour 2,2001,6.5,"['action', 'comedy', 'crime', 'thriller']",32,438,57,6.072106261859583,83.11195445920305,10.815939278937382
m497,rush hour,1998,6.8,"['action', 'comedy', 'thriller', 'crime']",4,282,39,1.2307692307692308,86.76923076923076,12.0
m498,runaway bride,1999,5.2,"['comedy', 'romance']",246,224,0,52.34042553191489,47.65957446808511,0.0
m499,sleepless in seattle,1993,6.6,"['comedy', 'romance', 'drama']",284,339,12,44.724409448818896,53.38582677165354,1.889763779527559
m500,salt of the earth,1954,7.6,"['drama', 'history']",88,65,113,33.08270676691729,24.43609022556391,42.4812030075188
m501,the salton sea,2002,7.1,"['crime', 'drama', 'mystery', 'thriller']",81,444,33,14.516129032258066,79.56989247311827,5.913978494623656
m502,saving private ryan,1998,8.5,"['action', 'drama', 'history', 'war']",0,466,17,0.0,96.48033126293996,3.5196687370600417
m503,say anything...,1989,7.5,"['comedy', 'drama', 'romance']",220,402,54,32.544378698224854,59.46745562130178,7.988165680473373
m504,schindler's list,1993,8.9,"['biography', 'drama', 'history', 'war']",7,172,59,2.941176470588235,72.26890756302521,24.789915966386555
m505,scream 2,1997,5.9,"['horror', 'mystery', 'thriller']",151,230,58,34.39635535307517,52.391799544419136,13.211845102505695
m506,scream 3,2000,5.3,"['horror', 'mystery', 'thriller']",157,236,46,35.7630979498861,53.75854214123007,10.478359908883828
m507,scream,1996,7.2,"['crime', 'horror', 'mystery', 'thriller']",118,582,14,16.5266106442577,81.5126050420168,1.9607843137254901
m508,seven,1979,6.1,"['action', 'drama']",30,478,9,5.802707930367505,92.45647969052224,1.7408123791102514
m509,the searchers,1956,8.1,"['adventure', 'drama', 'western']",38,313,21,10.21505376344086,84.13978494623656,5.64516129032258
m510,seven days to live,2000,5.2,"['drama', 'horror', 'thriller']",88,69,18,50.28571428571429,39.42857142857143,10.285714285714285
m511,shakespeare in love,1998,7.4,"['comedy', 'drama', 'romance']",144,324,107,25.043478260869566,56.34782608695652,18.608695652173914
m512,shallow grave,1994,7.4,"['comedy', 'crime', 'drama', 'thriller']",200,391,21,32.6797385620915,63.888888888888886,3.431372549019608
m513,shampoo,1975,6.2,"['drama', 'romance']",506,616,38,43.62068965517241,53.103448275862064,3.2758620689655173
m514,the shining,1980,8.5,"['horror', 'mystery', 'thriller']",119,325,38,24.688796680497926,67.42738589211619,7.883817427385892
m515,silver bullet,1985,5.9,"['adventure', 'drama', 'horror', 'mystery', 'thriller']",37,131,0,22.023809523809522,77.97619047619048,0.0
m516,sister act,1992,5.9,"['comedy', 'crime', 'music']",572,153,31,75.66137566137566,20.238095238095237,4.1005291005291005
m517,sleepy hollow,1999,7.5,"['fantasy', 'mystery', 'thriller']",71,309,70,15.777777777777777,68.66666666666667,15.555555555555555
m518,sling blade,1996,8.0,['drama'],118,567,0,17.226277372262775,82.77372262773723,0.0
m519,smoke,1995,7.5,"['comedy', 'drama']",119,595,0,16.666666666666664,83.33333333333334,0.0
m520,snow falling on cedars,1999,6.7,"['drama', 'mystery', 'romance', 'thriller']",43,298,59,10.75,74.5,14.75
m521,soldier,1998,5.6,"['action', 'drama', 'sci-fi']",0,7,6,0.0,53.84615384615385,46.15384615384615
m522,some like it hot,1959,8.4,['comedy'],279,729,56,26.221804511278197,68.51503759398496,5.263157894736842
m523,the wedding date,2005,5.5,"['comedy', 'romance']",178,185,0,49.03581267217631,50.964187327823694,0.0
m524,sounder,1972,7.8,['drama'],138,236,25,34.58646616541353,59.14786967418546,6.265664160401002
m525,south park: bigger longer & uncut,1999,7.8,"['animation', 'comedy', 'musical']",82,461,45,13.945578231292515,78.4013605442177,7.653061224489796
m526,spacejacked,1997,2.9,"['action', 'sci-fi']",216,169,0,56.1038961038961,43.896103896103895,0.0
m527,spare me,1992,5.8,['thriller'],132,417,0,24.043715846994534,75.95628415300546,0.0
m528,sphere,1998,5.6,"['drama', 'horror', 'mystery', 'sci-fi', 'thriller']",241,767,31,23.195380173243503,73.82098171318574,2.9836381135707413
m529,star wars,1977,8.8,"['action', 'adventure', 'fantasy', 'sci-fi']",25,231,35,8.59106529209622,79.38144329896907,12.027491408934708
m530,starship troopers,1997,7.1,"['action', 'adventure', 'sci-fi', 'thriller']",143,351,27,27.447216890595012,67.37044145873321,5.182341650671785
m531,star trek: the motion picture,1979,6.2,"['adventure', 'fantasy', 'mystery', 'sci-fi']",51,268,8,15.59633027522936,81.9571865443425,2.4464831804281344
m532,state and main,2000,6.8,"['comedy', 'drama']",265,664,68,26.57973921765296,66.59979939819458,6.820461384152457
m533,stepmom,1998,6.2,"['comedy', 'drama']",628,168,5,78.4019975031211,20.973782771535582,0.6242197253433208
m534,storytelling,2001,6.7,"['comedy', 'drama']",121,276,0,30.478589420654913,69.52141057934509,0.0
m535,stranglehold,2007,8.6,"['action', 'adventure', 'crime']",0,165,15,0.0,91.66666666666666,8.333333333333332
m536,dr. strangelove or: how i learned to stop worrying and love the bomb,1964,8.6,"['comedy', 'drama']",0,456,140,0.0,76.51006711409396,23.48993288590604
m537,suburbia,1996,6.5,"['comedy', 'drama']",267,759,5,25.897187196896216,73.61784675072744,0.4849660523763337
m538,sugar & spice,2001,5.2,"['comedy', 'crime']",225,28,7,86.53846153846155,10.76923076923077,2.6923076923076925
m539,sunset blvd.,1950,8.7,"['drama', 'film-noir']",268,352,38,40.72948328267477,53.49544072948328,5.775075987841945
m540,supergirl,1984,4.1,"['action', 'adventure', 'sci-fi']",289,173,9,61.3588110403397,36.730360934182585,1.910828025477707
m541,superman iii,1983,4.7,"['action', 'adventure', 'comedy', 'fantasy', 'sci-fi']",128,343,11,26.556016597510375,71.16182572614107,2.2821576763485476
m542,superman ii,1980,6.7,"['action', 'adventure', 'fantasy', 'romance', 'sci-fi']",102,163,43,33.116883116883116,52.922077922077925,13.96103896103896
m543,superman iv: the quest for peace,1987,3.4,"['action', 'adventure', 'family', 'fantasy', 'sci-fi']",77,150,14,31.950207468879665,62.24066390041494,5.809128630705394
m544,superman,1978,7.3,"['action', 'family', 'sci-fi']",157,269,25,34.811529933481154,59.64523281596452,5.543237250554324
m545,the sweet hereafter,1997,7.8,['drama'],258,307,6,45.18388791593696,53.76532399299475,1.0507880910683012
m546,sweet smell of success,1957,8.2,"['drama', 'film-noir']",117,334,32,24.22360248447205,69.15113871635612,6.625258799171843
m547,terminator 2: judgment day,1991,8.5,"['action', 'sci-fi', 'thriller']",56,180,14,22.400000000000002,72.0,5.6000000000000005
m548,taking sides,2001,7.2,"['drama', 'music', 'war']",28,345,19,7.142857142857142,88.01020408163265,4.846938775510204
m549,the terminator,1984,8.1,"['action', 'sci-fi', 'thriller']",178,7,50,75.74468085106383,2.9787234042553195,21.27659574468085
m550,the game,1997,7.7,"['drama', 'mystery', 'thriller']",174,382,51,28.665568369028005,62.932454695222404,8.40197693574959
m551,the haunting,1999,4.6,"['horror', 'thriller', 'mystery']",108,207,0,34.285714285714285,65.71428571428571,0.0
m552,the limey,1999,7.0,"['crime', 'drama', 'mystery', 'thriller']",221,364,26,36.17021276595745,59.57446808510638,4.25531914893617
m553,the man who wasn't there,2001,7.7,"['crime', 'drama']",59,339,41,13.439635535307518,77.22095671981776,9.339407744874716
m554,the relic,1997,5.4,"['horror', 'mystery', 'thriller']",112,307,43,24.242424242424242,66.45021645021644,9.307359307359308
m555,the truman show,1998,8.0,['drama'],84,248,13,24.347826086956523,71.8840579710145,3.768115942028986
m556,the x files,1998,6.8,"['crime', 'horror', 'mystery', 'sci-fi', 'thriller']",118,284,60,25.541125541125542,61.471861471861466,12.987012987012985
m557,the cell,2000,6.2,"['drama', 'fantasy', 'horror', 'sci-fi', 'thriller']",137,117,5,52.8957528957529,45.173745173745175,1.9305019305019304
m558,the third man,1949,8.5,"['film-noir', 'mystery', 'thriller']",112,447,44,18.573797678275287,74.12935323383084,7.2968490878938645
m559,the beach,2000,6.3,"['adventure', 'drama', 'romance', 'thriller']",20,99,3,16.39344262295082,81.14754098360656,2.459016393442623
m560,the believer,2001,7.3,['drama'],123,408,56,20.954003407155025,69.50596252129472,9.540034071550256
m561,le grand bleu,1988,7.4,"['adventure', 'drama', 'romance']",187,298,38,35.75525812619503,56.97896749521989,7.265774378585086
m562,the hebrew hammer,2003,6.2,['comedy'],72,113,17,35.64356435643564,55.940594059405946,8.415841584158416
m563,the leopard man,1943,6.9,"['drama', 'horror', 'mystery', 'thriller']",98,203,42,28.57142857142857,59.183673469387756,12.244897959183673
m564,the lost son,1999,6.5,"['crime', 'drama', 'romance', 'thriller']",207,450,74,28.317373461012313,61.55950752393981,10.12311901504788
m565,the messenger,2009,7.4,"['drama', 'romance', 'war']",307,313,97,42.81729428172943,43.65411436541143,13.528591352859134
m566,the pianist,2002,8.5,"['biography', 'drama', 'war']",57,151,66,20.802919708029197,55.1094890510949,24.087591240875913
m567,the piano,1993,7.5,"['drama', 'romance']",42,83,24,28.187919463087248,55.70469798657718,16.10738255033557
m568,the sting,1973,8.4,"['comedy', 'crime', 'drama']",27,421,63,5.283757338551859,82.38747553816047,12.32876712328767
m569,the thin man,1934,8.1,"['comedy', 'crime', 'drama', 'mystery', 'romance']",354,440,36,42.65060240963855,53.01204819277109,4.337349397590361
m570,three kings,1999,7.3,"['action', 'adventure', 'comedy', 'drama', 'war']",0,735,0,0.0,100.0,0.0
m571,thx 1138,1971,6.8,"['drama', 'mystery', 'sci-fi', 'thriller']",54,139,45,22.689075630252102,58.40336134453782,18.907563025210084
m572,ticker,2001,3.3,"['action', 'thriller', 'crime']",153,111,89,43.342776203966004,31.444759206798867,25.21246458923513
m573,trouble in paradise,1932,8.2,"['comedy', 'crime', 'romance']",193,265,52,37.84313725490196,51.9607843137255,10.196078431372548
m574,titanic,1997,7.4,"['drama', 'history', 'romance']",157,216,24,39.54659949622166,54.40806045340051,6.045340050377834
m575,transatlantic merry-go-round,1934,6.9,"['comedy', 'musical', 'mystery', 'romance']",212,498,8,29.526462395543174,69.35933147632312,1.1142061281337048
m576,tombstone,1993,7.7,"['action', 'drama', 'history', 'romance', 'western']",104,342,76,19.923371647509576,65.51724137931035,14.559386973180077
m577,tomorrow never dies,1997,6.4,"['action', 'adventure', 'thriller']",20,362,86,4.273504273504273,77.35042735042735,18.37606837606838
m578,to sleep with anger,1990,6.8,['drama'],117,235,3,32.95774647887324,66.19718309859155,0.8450704225352111
m579,toy story,1995,8.2,"['animation', 'adventure', 'comedy', 'family', 'fantasy']",31,329,41,7.73067331670823,82.04488778054862,10.224438902743142
m580,the magic toyshop,1987,6.2,['fantasy'],50,55,0,47.61904761904761,52.38095238095239,0.0
m581,traffic,2000,7.8,"['crime', 'drama', 'thriller']",134,322,30,27.572016460905353,66.2551440329218,6.172839506172839
m582,trainspotting,1996,8.2,"['crime', 'drama']",52,277,41,14.054054054054054,74.86486486486487,11.081081081081082
m583,star trek v: the final frontier,1989,5.0,"['action', 'adventure', 'sci-fi', 'thriller']",20,296,31,5.763688760806916,85.30259365994236,8.93371757925072
m584,tron,1982,6.7,"['action', 'adventure', 'sci-fi', 'thriller', 'sci-fi']",42,229,48,13.166144200626958,71.78683385579937,15.047021943573668
m585,true lies,1994,7.2,"['action', 'thriller']",169,280,4,37.30684326710817,61.81015452538632,0.8830022075055187
m586,true romance,1993,7.9,"['crime', 'romance', 'thriller']",136,514,62,19.101123595505616,72.19101123595506,8.707865168539326
m587,twelve monkeys,1995,8.1,"['mystery', 'sci-fi', 'thriller']",110,187,56,31.1614730878187,52.97450424929179,15.864022662889518
m588,u-turn,1973,5.8,['drama'],211,695,10,23.034934497816593,75.87336244541486,1.0917030567685588
m589,u turn,1997,6.7,"['crime', 'drama', 'thriller']",172,553,8,23.465211459754435,75.44338335607094,1.0914051841746248
m590,unbreakable,2000,7.3,"['drama', 'fantasy', 'mystery', 'thriller']",58,195,23,21.014492753623188,70.65217391304348,8.333333333333332
m591,unforgiven,1992,8.3,"['drama', 'western']",73,477,18,12.852112676056338,83.97887323943662,3.169014084507042
m592,the usual suspects,1995,8.7,"['crime', 'mystery', 'thriller']",16,285,86,4.1343669250646,73.64341085271317,22.22222222222222
m593,verdict,1974,5.7,['drama'],103,552,53,14.548022598870055,77.96610169491525,7.4858757062146895
m594,vertigo,1958,8.6,"['crime', 'mystery', 'romance', 'thriller']",314,334,28,46.44970414201183,49.40828402366864,4.142011834319527
m595,very bad things,1998,6.0,"['comedy', 'crime', 'thriller']",116,623,19,15.303430079155673,82.18997361477572,2.5065963060686016
m596,viridiana,1961,8.2,['drama'],173,107,78,48.324022346368714,29.88826815642458,21.787709497206702
m597,virtuosity,1995,5.3,"['action', 'crime', 'sci-fi', 'thriller']",113,245,44,28.109452736318406,60.94527363184079,10.945273631840797
m598,wag the dog,1997,7.1,"['comedy', 'drama']",197,528,33,25.989445910290236,69.65699208443272,4.353562005277045
m599,wall street,1987,7.3,"['crime', 'drama']",66,416,13,13.333333333333334,84.04040404040404,2.6262626262626263
m600,waxwork,1988,6.0,"['comedy', 'fantasy', 'horror']",47,89,10,32.19178082191781,60.95890410958904,6.8493150684931505
m601,what lies beneath,2000,6.5,"['drama', 'horror', 'mystery', 'thriller']",463,196,0,70.25796661608497,29.74203338391502,0.0
m602,what women want,2000,6.3,"['comedy', 'fantasy', 'romance']",3,3,0,50.0,50.0,0.0
m603,the witching hour,1996,6.5,"['documentary', 'short']",55,371,46,11.652542372881355,78.60169491525424,9.745762711864407
m604,white angel,1994,4.4,"['drama', 'thriller']",24,191,18,10.300429184549357,81.97424892703863,7.725321888412018
m605,who's your daddy?,2003,4.5,['comedy'],171,464,23,25.987841945288753,70.51671732522796,3.4954407294832825
m606,wild things,1998,6.6,"['crime', 'mystery', 'thriller']",245,264,0,48.1335952848723,51.8664047151277,0.0
m607,wild wild west,1999,4.3,"['action', 'western', 'comedy', 'sci-fi']",21,287,14,6.521739130434782,89.13043478260869,4.3478260869565215
m608,willow,1988,7.1,"['action', 'adventure', 'drama', 'fantasy', 'romance']",56,192,50,18.79194630872483,64.42953020134227,16.778523489932887
m609,witness,1985,7.6,"['drama', 'romance', 'thriller']",119,227,11,33.33333333333333,63.58543417366946,3.081232492997199
m610,the wizard of oz,1939,8.3,"['adventure', 'family', 'fantasy', 'musical']",235,318,48,39.10149750415973,52.911813643926784,7.9866888519134775
m611,the world is not enough,1999,6.3,"['action', 'adventure', 'thriller']",95,207,10,30.448717948717945,66.34615384615384,3.205128205128205
m612,watchmen,2009,7.8,"['action', 'crime', 'fantasy', 'mystery', 'sci-fi', 'thriller']",111,223,32,30.327868852459016,60.92896174863388,8.743169398907105
m613,xxx,2002,5.6,"['action', 'adventure', 'crime']",78,292,42,18.932038834951456,70.87378640776699,10.194174757281553
m614,x-men,2000,7.4,"['action', 'sci-fi']",46,72,57,26.285714285714285,41.14285714285714,32.57142857142858
m615,young frankenstein,1974,8.0,"['comedy', 'sci-fi']",120,376,79,20.869565217391305,65.39130434782608,13.73913043478261
m616,zulu dawn,1979,6.4,"['action', 'adventure', 'drama', 'history', 'war']",0,0,73,0.0,0.0,100.0
